host,mode,seed,init,status,host_ppl,best_ppl,final_ppl,n_epochs,operator,operator_r2_margin,mult_r2,swiglu_r2,poly3_r2,checkpoint,result_file
bilinear,frozen,42,multiply,completed,79.20046176408975,79.01093669923411,79.12306460705942,10,multiply,0.43586805512842586,0.9974099862737621,0.5615419311453362,0.9997732979211543,/user_data/yizhouc3/xor_causal_v2/probes/bilinear_frozen_s42/inner_bilinear_frozen_multiply_seed42.pth,/user_data/yizhouc3/xor_causal_v2/probes/bilinear_frozen_s42/results.json
bilinear,frozen,42,random,completed,79.20046176408975,78.99169754603328,79.0614386699521,10,multiply,0.44935496011677567,0.9990653127195062,0.5497103526027305,0.9994852029127111,/user_data/yizhouc3/xor_causal_v2/probes/bilinear_frozen_s42/inner_bilinear_frozen_random_seed42.pth,/user_data/yizhouc3/xor_causal_v2/probes/bilinear_frozen_s42/results.json
bilinear,frozen,43,multiply,completed,79.0895718948231,79.00195879678841,79.10628013456663,10,multiply,0.4593762179761287,0.9994685696235353,0.5400923516474065,0.9997156829594557,/user_data/yizhouc3/xor_causal_v2/probes/bilinear_frozen_s43/inner_bilinear_frozen_multiply_seed43.pth,/user_data/yizhouc3/xor_causal_v2/probes/bilinear_frozen_s43/results.json
bilinear,frozen,43,random,completed,79.0895718948231,79.02394174019487,79.04759376769347,10,multiply,0.46966013354887937,0.9995738747810611,0.5299137412321817,0.9996882280599677,/user_data/yizhouc3/xor_causal_v2/probes/bilinear_frozen_s43/inner_bilinear_frozen_random_seed43.pth,/user_data/yizhouc3/xor_causal_v2/probes/bilinear_frozen_s43/results.json
bilinear,frozen,44,multiply,completed,80.78801031921678,80.76391110275654,80.81488614157591,10,multiply,0.46102709771541617,0.9993230070752648,0.5382959093598486,0.9995861964319767,/user_data/yizhouc3/xor_causal_v2/probes/bilinear_frozen_s44_retry/inner_bilinear_frozen_multiply_seed44.pth,/user_data/yizhouc3/xor_causal_v2/probes/bilinear_frozen_s44_retry/results.json
bilinear,frozen,44,random,completed,80.78801031921678,80.77467718512807,80.91405275806848,10,multiply,0.4569441051161106,0.999309755191025,0.5423656500749144,0.9996782040831752,/user_data/yizhouc3/xor_causal_v2/probes/bilinear_frozen_s44_retry/inner_bilinear_frozen_random_seed44.pth,/user_data/yizhouc3/xor_causal_v2/probes/bilinear_frozen_s44_retry/results.json
bilinear,frozen,45,multiply,completed,79.4992149602356,79.43182656229186,79.43341773484673,10,multiply,0.4660770445136875,0.9996283953063265,0.533551350792639,0.9997573129174638,/user_data/yizhouc3/xor_causal_v2/probes/bilinear_frozen_s45/inner_bilinear_frozen_multiply_seed45.pth,/user_data/yizhouc3/xor_causal_v2/probes/bilinear_frozen_s45/results.json
bilinear,frozen,45,random,completed,79.4992149602356,79.43344084400802,79.49320875969083,10,multiply,0.46955480677071104,0.9994252596280669,0.5298704528573559,0.999674768569663,/user_data/yizhouc3/xor_causal_v2/probes/bilinear_frozen_s45/inner_bilinear_frozen_random_seed45.pth,/user_data/yizhouc3/xor_causal_v2/probes/bilinear_frozen_s45/results.json
bilinear,frozen,46,multiply,completed,79.74654853625364,79.615541981169,79.69408443423077,10,multiply,0.4499434696225404,0.9992933075121888,0.5493498378896484,0.9995659847287174,/user_data/yizhouc3/xor_causal_v2/probes/bilinear_frozen_s46/inner_bilinear_frozen_multiply_seed46.pth,/user_data/yizhouc3/xor_causal_v2/probes/bilinear_frozen_s46/results.json
bilinear,frozen,46,random,completed,79.74654853625364,79.61295288424598,79.69607762939785,10,multiply,0.45201609582516467,0.9991256551278647,0.5471095593027,0.9993967349585806,/user_data/yizhouc3/xor_causal_v2/probes/bilinear_frozen_s46/inner_bilinear_frozen_random_seed46.pth,/user_data/yizhouc3/xor_causal_v2/probes/bilinear_frozen_s46/results.json
bilinear,joint,42,multiply,completed,79.20046176408975,73.2281862420701,73.41749905373365,10,multiply,0.4327782532983888,0.9979932062875052,0.5652149529891164,0.9997048781532071,/user_data/yizhouc3/xor_causal_v2/probes/bilinear_joint_s42/inner_bilinear_joint_multiply_seed42.pth,/user_data/yizhouc3/xor_causal_v2/probes/bilinear_joint_s42/results.json
bilinear,joint,42,random,completed,79.20046176408975,73.05234910335707,73.05234910335707,10,multiply,0.46893758155392107,0.9981688898103459,0.5292313082564248,0.9990873723161576,/user_data/yizhouc3/xor_causal_v2/probes/bilinear_joint_s42/inner_bilinear_joint_random_seed42.pth,/user_data/yizhouc3/xor_causal_v2/probes/bilinear_joint_s42/results.json
bilinear,joint,43,multiply,completed,79.0895718948231,73.78395167090345,74.16675318742777,10,multiply,0.4817957525473263,0.9988454967621533,0.517049744214827,0.999655905893187,/user_data/yizhouc3/xor_causal_v2/probes/bilinear_joint_s43/inner_bilinear_joint_multiply_seed43.pth,/user_data/yizhouc3/xor_causal_v2/probes/bilinear_joint_s43/results.json
bilinear,joint,43,random,completed,79.0895718948231,73.59608425235638,73.59608425235638,10,multiply,0.45458472173921716,0.9983278068181446,0.5437430850789274,0.99906897800466,/user_data/yizhouc3/xor_causal_v2/probes/bilinear_joint_s43/inner_bilinear_joint_random_seed43.pth,/user_data/yizhouc3/xor_causal_v2/probes/bilinear_joint_s43/results.json
bilinear,joint,44,multiply,completed,80.78801031921678,74.49024632164895,74.49024632164895,10,multiply,0.45820673490372443,0.9994764309333088,0.5412696960295844,0.9996509491481569,/user_data/yizhouc3/xor_causal_v2/probes/bilinear_joint_s44/inner_bilinear_joint_multiply_seed44.pth,/user_data/yizhouc3/xor_causal_v2/probes/bilinear_joint_s44/results.json
bilinear,joint,44,random,completed,80.78801031921678,74.66371819595415,74.66371819595415,10,multiply,0.4085296909361238,0.994910177763709,0.5863804868275853,0.9987812935880223,/user_data/yizhouc3/xor_causal_v2/probes/bilinear_joint_s44/inner_bilinear_joint_random_seed44.pth,/user_data/yizhouc3/xor_causal_v2/probes/bilinear_joint_s44/results.json
bilinear,joint,45,multiply,completed,79.4992149602356,73.66895401628632,73.66895401628632,10,multiply,0.4515885557805628,0.9991159358147541,0.5475273800341913,0.9996505668823318,/user_data/yizhouc3/xor_causal_v2/probes/bilinear_joint_s45/inner_bilinear_joint_multiply_seed45.pth,/user_data/yizhouc3/xor_causal_v2/probes/bilinear_joint_s45/results.json
bilinear,joint,45,random,completed,79.4992149602356,73.54313994616841,73.54313994616841,10,multiply,0.46472840034706986,0.9982865475797681,0.5335581472326982,0.9986764424291404,/user_data/yizhouc3/xor_causal_v2/probes/bilinear_joint_s45/inner_bilinear_joint_random_seed45.pth,/user_data/yizhouc3/xor_causal_v2/probes/bilinear_joint_s45/results.json
bilinear,joint,46,multiply,completed,79.74654853625364,73.76003064124869,74.02716681827465,10,multiply,0.4783916825037964,0.9992222922829757,0.5208306097791793,0.9996528454488562,/user_data/yizhouc3/xor_causal_v2/probes/bilinear_joint_s46_retry/inner_bilinear_joint_multiply_seed46.pth,/user_data/yizhouc3/xor_causal_v2/probes/bilinear_joint_s46_retry/results.json
bilinear,joint,46,random,completed,79.74654853625364,73.65143490612645,73.65143490612645,10,multiply,0.45338992182579485,0.998338000574778,0.5449480787489831,0.9988903416703812,/user_data/yizhouc3/xor_causal_v2/probes/bilinear_joint_s46_retry/inner_bilinear_joint_random_seed46.pth,/user_data/yizhouc3/xor_causal_v2/probes/bilinear_joint_s46_retry/results.json
swiglu,joint,42,multiply,completed,76.94845517407884,71.23454906446835,71.48082385075921,10,swiglu,0.425537721639909,0.564177553058308,0.989715274698217,0.9960879912360546,/user_data/yizhouc3/xor_causal_v2/probes/swiglu_joint_s42_multiply_swiglu/inner_swiglu_joint_multiply_seed42.pth,/user_data/yizhouc3/xor_causal_v2/probes/swiglu_joint_s42_multiply_swiglu/results.json
swiglu,joint,42,swiglu,completed,76.94845517407884,71.35536027284395,71.35536027284395,10,swiglu,0.43204834533406955,0.5572072311454647,0.9892555764795342,0.9931985927359286,/user_data/yizhouc3/xor_causal_v2/probes/swiglu_joint_s42_multiply_swiglu/inner_swiglu_joint_swiglu_seed42.pth,/user_data/yizhouc3/xor_causal_v2/probes/swiglu_joint_s42_multiply_swiglu/results.json
swiglu,joint,42,identity,completed,76.94845517407884,70.89927526650412,70.89927526650412,10,swiglu,0.38707704419084377,0.6048272586588785,0.9919043028497223,0.9953704959156671,/user_data/yizhouc3/xor_causal_v2/probes/swiglu_joint_s42_random_identity/inner_swiglu_joint_identity_seed42.pth,/user_data/yizhouc3/xor_causal_v2/probes/swiglu_joint_s42_random_identity/results.json
swiglu,joint,42,random,completed,76.94845517407884,71.16647715278175,71.60350924934642,10,swiglu,0.36895765487445686,0.6197860092739438,0.9887436641484006,0.9965288119099803,/user_data/yizhouc3/xor_causal_v2/probes/swiglu_joint_s42_random_identity/inner_swiglu_joint_random_seed42.pth,/user_data/yizhouc3/xor_causal_v2/probes/swiglu_joint_s42_random_identity/results.json
swiglu,joint,43,multiply,completed,76.23250478919181,71.32331237311719,71.32331237311719,10,swiglu,0.43927813685963735,0.5536037122686764,0.9928818491283138,0.9946400696618147,/user_data/yizhouc3/xor_causal_v2/probes/swiglu_joint_s43_multiply_swiglu/inner_swiglu_joint_multiply_seed43.pth,/user_data/yizhouc3/xor_causal_v2/probes/swiglu_joint_s43_multiply_swiglu/results.json
swiglu,joint,43,swiglu,completed,76.23250478919181,71.57807198663171,71.57807198663171,10,swiglu,0.4010193628118356,0.5819434064126544,0.98296276922449,0.9958790005533344,/user_data/yizhouc3/xor_causal_v2/probes/swiglu_joint_s43_multiply_swiglu/inner_swiglu_joint_swiglu_seed43.pth,/user_data/yizhouc3/xor_causal_v2/probes/swiglu_joint_s43_multiply_swiglu/results.json
swiglu,joint,43,identity,completed,76.23250478919181,71.45712474874405,71.59718819123005,10,swiglu,0.3759338576537332,0.6125474137086095,0.9884812713623428,0.9965687226402881,/user_data/yizhouc3/xor_causal_v2/probes/swiglu_joint_s43_random_identity/inner_swiglu_joint_identity_seed43.pth,/user_data/yizhouc3/xor_causal_v2/probes/swiglu_joint_s43_random_identity/results.json
swiglu,joint,43,random,completed,76.23250478919181,71.10767802406296,71.10767802406296,10,swiglu,0.37218980889715214,0.6168634343316968,0.9890532432288489,0.9971843743140891,/user_data/yizhouc3/xor_causal_v2/probes/swiglu_joint_s43_random_identity/inner_swiglu_joint_random_seed43.pth,/user_data/yizhouc3/xor_causal_v2/probes/swiglu_joint_s43_random_identity/results.json
swiglu,joint,44,multiply,completed,78.25464053585016,72.28879698782974,72.72590004524513,10,swiglu,0.4307843727143713,0.5589241416845576,0.9897085143989289,0.9954668705105743,/user_data/yizhouc3/xor_causal_v2/probes/swiglu_joint_s44_multiply_swiglu/inner_swiglu_joint_multiply_seed44.pth,/user_data/yizhouc3/xor_causal_v2/probes/swiglu_joint_s44_multiply_swiglu/results.json
swiglu,joint,44,swiglu,completed,78.25464053585016,72.51529798710375,72.51529798710375,10,swiglu,0.42918991081017255,0.5568681071554138,0.9860580179655863,0.9951612393798983,/user_data/yizhouc3/xor_causal_v2/probes/swiglu_joint_s44_multiply_swiglu/inner_swiglu_joint_swiglu_seed44.pth,/user_data/yizhouc3/xor_causal_v2/probes/swiglu_joint_s44_multiply_swiglu/results.json
swiglu,joint,44,identity,completed,78.25464053585016,72.49905567364159,72.49905567364159,10,swiglu,0.38385127027499377,0.6066993652782531,0.9905506355532468,0.9966332612170862,/user_data/yizhouc3/xor_causal_v2/probes/swiglu_joint_s44_random_identity/inner_swiglu_joint_identity_seed44.pth,/user_data/yizhouc3/xor_causal_v2/probes/swiglu_joint_s44_random_identity/results.json
swiglu,joint,44,random,completed,78.25464053585016,72.65662173105642,72.65662173105642,10,swiglu,0.36980658023546265,0.6186015925835144,0.9884081728189771,0.9963908443519456,/user_data/yizhouc3/xor_causal_v2/probes/swiglu_joint_s44_random_identity/inner_swiglu_joint_random_seed44.pth,/user_data/yizhouc3/xor_causal_v2/probes/swiglu_joint_s44_random_identity/results.json
swiglu,joint,45,multiply,completed,77.62782386075156,73.09565354825432,73.09565354825432,10,swiglu,0.41674042579543624,0.5738803359389362,0.9906207617343724,0.995533141089198,/user_data/yizhouc3/xor_causal_v2/probes/swiglu_joint_s45_multiply_swiglu/inner_swiglu_joint_multiply_seed45.pth,/user_data/yizhouc3/xor_causal_v2/probes/swiglu_joint_s45_multiply_swiglu/results.json
swiglu,joint,45,swiglu,completed,77.62782386075156,72.81868445059705,72.81868445059705,10,swiglu,0.3986292041080183,0.5844494186240123,0.9830786227320306,0.9956975978864087,/user_data/yizhouc3/xor_causal_v2/probes/swiglu_joint_s45_multiply_swiglu/inner_swiglu_joint_swiglu_seed45.pth,/user_data/yizhouc3/xor_causal_v2/probes/swiglu_joint_s45_multiply_swiglu/results.json
swiglu,joint,45,identity,completed,77.62782386075156,72.48151535220661,72.48151535220661,10,swiglu,0.37905065491793766,0.6114678334071608,0.9905184883250985,0.9964162060542409,/user_data/yizhouc3/xor_causal_v2/probes/swiglu_joint_s45_random_identity/inner_swiglu_joint_identity_seed45.pth,/user_data/yizhouc3/xor_causal_v2/probes/swiglu_joint_s45_random_identity/results.json
swiglu,joint,45,random,completed,77.62782386075156,72.29887810865397,72.29887810865397,10,swiglu,0.36555472845460724,0.6228305074065035,0.9883852358611107,0.9960498328907686,/user_data/yizhouc3/xor_causal_v2/probes/swiglu_joint_s45_random_identity/inner_swiglu_joint_random_seed45.pth,/user_data/yizhouc3/xor_causal_v2/probes/swiglu_joint_s45_random_identity/results.json
swiglu,joint,46,multiply,completed,78.6560143503561,72.37790496482754,72.37790496482754,10,swiglu,0.43100986734531843,0.5619248225317398,0.9929346898770582,0.9954237332775028,/user_data/yizhouc3/xor_causal_v2/probes/swiglu_joint_s46_multiply_swiglu/inner_swiglu_joint_multiply_seed46.pth,/user_data/yizhouc3/xor_causal_v2/probes/swiglu_joint_s46_multiply_swiglu/results.json
swiglu,joint,46,swiglu,completed,78.6560143503561,72.76502981910254,72.8600529668629,10,swiglu,0.4113310068659377,0.5735903663688762,0.9849213732348139,0.9955977326444486,/user_data/yizhouc3/xor_causal_v2/probes/swiglu_joint_s46_multiply_swiglu/inner_swiglu_joint_swiglu_seed46.pth,/user_data/yizhouc3/xor_causal_v2/probes/swiglu_joint_s46_multiply_swiglu/results.json
swiglu,joint,46,identity,completed,78.6560143503561,72.80414507899894,72.80414507899894,10,swiglu,0.4041620222873126,0.5895972562193552,0.9937592785066678,0.996261610374271,/user_data/yizhouc3/xor_causal_v2/probes/swiglu_joint_s46_random_identity/inner_swiglu_joint_identity_seed46.pth,/user_data/yizhouc3/xor_causal_v2/probes/swiglu_joint_s46_random_identity/results.json
swiglu,joint,46,random,completed,78.6560143503561,72.69448993260428,72.74560426468736,10,swiglu,0.36305951204813214,0.6238822424180834,0.9869417544662156,0.9964699399632834,/user_data/yizhouc3/xor_causal_v2/probes/swiglu_joint_s46_random_identity/inner_swiglu_joint_random_seed46.pth,/user_data/yizhouc3/xor_causal_v2/probes/swiglu_joint_s46_random_identity/results.json
