name,condition_exp,reference_exp,metric,mode,lower_better,condition_n,reference_n,comparison_n,common_seeds,condition_values,reference_values,condition_mean,reference_mean,mean_difference,ci_low,ci_high,parametric_test,parametric_p,nonparametric_test,nonparametric_p,effect_name,effect_size,direction,status,notes
transformer_d64_innernet_vs_gelu,transformer_wikitext_2arg_small,transformer_wikitext_baseline_small,best_val_ppl,paired,True,5,5,5,42;43;44;45;46,111.510489297;113.233809847;112.766089836;112.321357189;114.320794132,115.1698172;116.358896922;117.315230689;116.772538235;117.555363911,112.83050806032588,116.63436939123685,-3.8038613309109564,-4.3319943399848455,-3.2976248625203963,paired_t,0.00021803052098319736,wilcoxon,0.0625,Cohen dz,-5.701938275296125,condition_better,complete,
transformer_d128_innernet_vs_gelu,transformer_wikitext_2arg,transformer_wikitext_baseline,best_val_ppl,paired,True,5,5,5,42;43;44;45;46,93.8331208804;95.5599471625;94.5240652053;96.7152829894;95.6716956299,95.6541341438;95.1574434102;97.3563944102;97.8701408311;98.0553863122,95.26082237351332,96.81869982148814,-1.5578774479748347,-2.4506106075623166,-0.4869030539464944,paired_t,0.050950363214209524,wilcoxon,0.125,Cohen dz,-1.2334469134563817,condition_better,complete,
transformer_d192_innernet_vs_gelu,transformer_wikitext_scale_2arg_d192,transformer_wikitext_scale_gelu_d192,best_val_ppl,paired,True,5,5,5,42;43;44;45;46,87.6759932554;87.6820627108;88.9481643214;90.0430668102;87.7726547171,89.2825843476;89.3934579374;90.5892802157;88.327787261;87.9502435268,88.42438836298723,89.10867065771298,-0.6842822947257616,-1.6623226668071396,0.651370922263905,paired_t,0.3614204541734609,wilcoxon,0.625,Cohen dz,-0.46040798056020465,condition_better,complete,
transformer_d256_innernet_vs_gelu,transformer_wikitext_2arg_large,transformer_wikitext_baseline_large,best_val_ppl,paired,True,5,5,5,42;43;44;45;46,83.2341610787;87.1520164292;85.2625165777;83.2408354358;84.2044991083,84.8179379538;86.3901876707;84.9865829001;86.8321305241;87.2050074246,84.61880572595408,86.04636929462701,-1.4275635686729289,-2.953476736800411,0.09834959945455353,paired_t,0.17320883841521376,wilcoxon,0.3125,Cohen dz,-0.740265853632809,condition_better,complete,
transformer_d128_innernet_vs_swiglu,transformer_wikitext_2arg,transformer_wikitext_swiglu,best_val_ppl,paired,True,5,5,5,42;43;44;45;46,93.8331208804;95.5599471625;94.5240652053;96.7152829894;95.6716956299,92.3048404616;91.5117938466;93.046160489;94.9353668595;93.1046520901,95.26082237351332,92.98056274936827,2.2802596241450432,1.5584572800307597,3.2378816407623874,paired_t,0.00916972429158437,wilcoxon,0.0625,Cohen dz,2.1109708306119352,reference_better,complete,
cnn_cifar10_2arg_vs_relu,cnn_cifar_2arg,cnn_cifar_relu,test_accuracy,paired,False,5,5,5,42;43;44;45;1234,0.7969;0.7894;0.7793;0.7762;0.7868,0.7347;0.7421;0.7479;0.735;0.7398,0.78572,0.7398999999999999,0.045820000000000013,0.037559999999999996,0.05502000000000003,paired_t,0.0007907646927549909,wilcoxon,0.0625,Cohen dz,4.093486985322792,condition_better,complete,
cnn_cifar10_2arg_vs_relu_ln,cnn_cifar_2arg,cnn_cifar_relu_ln,test_accuracy,paired,False,5,4,4,42;43;44;45,0.7969;0.7894;0.7793;0.7762,0.7469;0.7506;0.7564;0.7518,0.78545,0.751425,0.034025,0.023650000000000004,0.044399999999999995,paired_t,0.013104245282326855,wilcoxon,0.125,Cohen dz,2.6504293742872145,condition_better,complete,missing reference seeds: 1234
cnn_cifar10_2arg_vs_relu_matched,cnn_cifar_2arg,cnn_cifar_relu_matched,test_accuracy,paired,False,5,5,5,42;43;44;45;1234,0.7969;0.7894;0.7793;0.7762;0.7868,0.7117;0.7072;0.7111;0.7018;0.7018,0.78572,0.70672,0.07900000000000003,0.07284000000000004,0.08452000000000004,paired_t,1.883743635486463e-05,wilcoxon,0.0625,Cohen dz,10.592820158336874,condition_better,complete,
cnn_cifar100_2arg_vs_relu,cnn_cifar100_big_2arg,cnn_cifar100_big_relu,test_accuracy,paired,False,5,5,5,42;43;44;45;1234,0.5441;0.5378;0.5458;0.521;0.5384,0.5048;0.4942;0.5008;0.5121;0.488,0.53742,0.49998,0.03743999999999999,0.02278,0.04709999999999999,paired_t,0.00701940445434243,wilcoxon,0.0625,Cohen dz,2.2774169228072654,condition_better,complete,
cnn_cifar100_2arg_vs_swiglu,cnn_cifar100_big_2arg,cnn_cifar100_swiglu,test_accuracy,paired,False,5,5,5,42;43;44;45;1234,0.5441;0.5378;0.5458;0.521;0.5384,0.4721;0.4568;0.4673;0.4635;0.4644,0.53742,0.46482,0.07259999999999998,0.06459999999999999,0.07869999999999996,paired_t,5.957760689713252e-05,wilcoxon,0.0625,Cohen dz,7.924848084233357,condition_better,complete,
ae_mnist_2arg_vs_relu,ae_mnist_2arg,ae_mnist_relu,test_mse,paired,True,5,5,5,42;43;44;45;1234,0.0038714551311;0.00390267692134;0.0038415850129;0.00397447175197;0.003959447366,0.00616843644977;0.0057024060145;0.00680412570164;0.00766891486645;0.00785454593971,0.003909927236661314,0.006839685794413089,-0.0029297585577517746,-0.003628324813023209,-0.00223119230248034,paired_t,0.0018436237499213073,wilcoxon,0.0625,Cohen dz,-3.278094694974795,condition_better,complete,
ae_mnist_2arg_vs_relu_matched,ae_mnist_2arg,ae_mnist_relu_matched,test_mse,paired,True,5,5,5,42;43;44;45;1234,0.0038714551311;0.00390267692134;0.0038415850129;0.00397447175197;0.003959447366,0.00509643515646;0.00646144764647;0.00642861484289;0.00576183130965;0.00558414229974,0.003909927236661314,0.005866494251042604,-0.0019565670143812893,-0.0024157921335846186,-0.0014917381653189652,paired_t,0.0018659882343133752,wilcoxon,0.0625,Cohen dz,-3.2676204717903943,condition_better,complete,
ae_fmnist_2arg_vs_relu,ae_fmnist_2arg,ae_fmnist_relu,test_mse,paired,True,5,5,5,42;43;44;45;1234,0.0076140754208;0.00760413356125;0.00765883254111;0.00770096886903;0.00762605596632,0.00837867202163;0.00852003436238;0.00829326363206;0.00888640500307;0.0089074564904,0.007640813271701336,0.00859716630190611,-0.000956353030204773,-0.0011699148234724996,-0.0007427912369370463,paired_t,0.001453082829459907,wilcoxon,0.0625,Cohen dz,-3.491086013402349,condition_better,complete,
ae_cifar10_2arg_vs_relu,ae_cifar_2arg,ae_cifar_relu,test_mse,paired,True,5,5,5,42;43;44;45;1234,0.00808933813274;0.00811796477139;0.00807811691612;0.00807700051367;0.00810473788679,0.0107330192775;0.0104752894402;0.0108950512648;0.0118033344314;0.010372406964,0.008093431644141674,0.010855820275545122,-0.002762388631403446,-0.0032706521540880203,-0.0023787337273359303,paired_t,0.0004462755614781783,wilcoxon,0.0625,Cohen dz,-4.746047392056181,condition_better,complete,
big_mlp_mnist_2arg_vs_relu,mlp_mnist_big_2arg,mlp_mnist_big_relu,test_accuracy,paired,False,5,5,5,42;43;44;45;1234,0.9835;0.9844;0.9838;0.9844;0.9836,0.9803;0.9787;0.9795;0.9795;0.9783,0.9839400000000001,0.97926,0.00468000000000004,0.003860000000000019,0.005380000000000051,paired_t,0.00042829465576644073,wilcoxon,0.0625,Cohen dz,4.796532360891188,condition_better,complete,
ppo_lunarlander_30s_innernet_vs_relu,ppo_lunarlander_2arg_30s,ppo_lunarlander_relu_30s,mean_last20_eval_score,paired,False,30,30,30,42;43;44;45;46;47;48;49;50;51;52;53;54;55;56;57;58;59;60;61;62;63;64;65;66;67;68;69;70;71,70.9971608824;166.457714487;76.78491099;139.361236166;-205.429807151;-64.8753332269;176.544669817;-87.2921679421;102.307873219;166.434714226;-77.3028775216;112.426118517;5.84907027774;120.785995804;204.223658244;181.599306085;133.275876643;114.120675386;74.5211369296;156.047444247;144.133334544;77.4432443316;152.984898541;93.4358895416;215.053059544;155.563037211;139.442688848;92.7796897064;138.288549816;187.583542579,77.4342024127;72.3032815903;111.863239827;70.7056958124;65.9952463694;194.345427727;117.343101672;0.95084427046;44.2168918677;136.817442818;98.5832508679;-4.00330068358;109.045785044;113.189028275;43.2159002594;5.62133423419;126.263812739;-23.2562053515;175.173699533;127.138183331;92.3853279558;74.7320839842;179.175766225;154.699108623;181.80143139;130.995439437;105.513015256;178.808359858;120.276206571;158.813480204,98.78484369144068,101.33823607062087,-2.553392379180169,-42.17633161490221,33.43655502611708,paired_t,0.8968428700457994,wilcoxon,0.6408254038542509,Cohen dz,-0.02387926279273123,reference_better,complete,
ppo_lunarlander_30s_innernet_vs_swiglu,ppo_lunarlander_2arg_30s,ppo_lunarlander_swiglu_30s,mean_last20_eval_score,paired,False,30,30,30,42;43;44;45;46;47;48;49;50;51;52;53;54;55;56;57;58;59;60;61;62;63;64;65;66;67;68;69;70;71,70.9971608824;166.457714487;76.78491099;139.361236166;-205.429807151;-64.8753332269;176.544669817;-87.2921679421;102.307873219;166.434714226;-77.3028775216;112.426118517;5.84907027774;120.785995804;204.223658244;181.599306085;133.275876643;114.120675386;74.5211369296;156.047444247;144.133334544;77.4432443316;152.984898541;93.4358895416;215.053059544;155.563037211;139.442688848;92.7796897064;138.288549816;187.583542579,-133.147728642;-140.68650836;-258.508091757;-255.684012939;-142.530916009;-386.062623297;-128.232988882;-222.865749274;-124.577490707;-145.080651572;-123.386498566;-161.837634196;-108.221634541;-109.341214106;-150.503055523;-318.370587922;-459.722535208;-242.551228366;-204.404951531;-280.010772614;-242.932057677;-266.389710907;-194.663869188;-284.307635332;-163.894476646;-241.246823714;-256.148445203;-214.884420298;-102.040275549;-249.688784105,98.78484369144068,-210.39744575433767,309.18228944577834,261.28769388425906,354.0647148904729,paired_t,1.6312586388708956e-13,wilcoxon,5.587935447692871e-09,Cohen dz,2.3493141622520977,condition_better,complete,
ppo_acrobot_innernet_vs_relu,ppo_acrobot_2arg,ppo_acrobot_relu,mean_last20_eval_score,paired,False,10,10,10,42;43;44;45;46;47;48;49;50;51,-100.335;-78.99;-100.915;-75.755;-90.025;-128.4;-82.12;-78.31;-82.55;-83.205,-143.595;-103.91;-98.165;-104.645;-121.39;-124.205;-83.42;-113.52;-102.685;-122.15,-90.0605,-111.76849999999999,21.708,11.175350000000005,31.375137499999997,paired_t,0.0036147751329126906,wilcoxon,0.01953125,Cohen dz,1.2335545504623537,condition_better,complete,
ppo_cartpole_innernet_vs_relu,ppo_cartpole_2arg,ppo_cartpole_relu,mean_last20_eval_score,paired,False,10,10,10,42;43;44;45;46;47;48;49;50;51,488.19;493.71;473.85;480.435;471.16;497;497.645;487.895;496.585;500,500;492.89;491.915;496.66;491.555;485.895;490.1;490.375;499.56;498.655,488.64700000000005,493.76050000000004,-5.113499999999999,-11.64952499999997,1.2596499999999786,paired_t,0.1742447612976182,wilcoxon,0.193359375,Cohen dz,-0.4665204657891274,reference_better,complete,
housing_w32_innernet_vs_relu,mlp_housing_scale_2arg_w32,mlp_housing_scale_relu_w32,test_mse,paired,True,3,3,3,42;43;1234,0.237978146375;0.229993181476;0.242254660126,0.247174659932;0.240316192425;0.264872679054,0.2367419959924326,0.25078784380329516,-0.0140458478108626,-0.022618018928193317,-0.009196513556232744,paired_t,0.08226158065619188,wilcoxon,0.25,Cohen dz,-1.8866010591563,condition_better,complete,
housing_w64_innernet_vs_relu,mlp_housing_scale_2arg_w64,mlp_housing_scale_relu_w64,test_mse,paired,True,3,3,3,42;43;1234,0.212033137852;0.210798609251;0.219853118668,0.216660113269;0.213390436103;0.223298103772,0.21422828859060003,0.21778288438136495,-0.0035545957907649286,-0.004626975416444079,-0.0025918268519201093,paired_t,0.026465583461125326,wilcoxon,0.25,Cohen dz,-3.4781042186715596,condition_better,complete,
housing_w120_innernet_vs_relu,mlp_housing_scale_2arg_w120,mlp_housing_scale_relu_w120,test_mse,paired,True,3,3,3,42;43;1234,0.194216419156;0.192720116542;0.203631464204,0.202597237055;0.200327354938;0.216955929764,0.19685599996734807,0.2066268405855395,-0.009770840618191445,-0.013324465559319015,-0.007607238396078103,paired_t,0.03198817188693878,wilcoxon,0.25,Cohen dz,-3.1501154576790125,condition_better,complete,
housing_w256_innernet_vs_relu,mlp_housing_scale_2arg_w256,mlp_housing_scale_relu_w256,test_mse,paired,True,3,3,3,42;43;1234,0.199520485793;0.199161330678;0.202338873568,0.191080021542;0.189882243045;0.207232390819,0.20034023001308743,0.1960648851353646,0.004275344877722807,-0.004893517251624624,0.009279087633472072,paired_t,0.4500216966320353,wilcoxon,0.5,Cohen dz,0.5376756782147841,reference_better,complete,
housing_w512_innernet_vs_relu,mlp_housing_scale_2arg_w512,mlp_housing_scale_relu_w512,test_mse,paired,True,3,3,3,42;43;1234,0.206080377831;0.2020246639;0.206252775631,0.192917197936;0.193798160242;0.201327719747,0.20478593912071882,0.196014359308219,0.008771579812499819,0.004925055884171359,0.013163179895559013,paired_t,0.0670658370272568,wilcoxon,0.25,Cohen dz,2.1156613958215065,reference_better,complete,
