exp_name,task_type,model,dataset,metric,selection,config_signature,audit_status,raw_row_count,seed_count,seeds,values,mean,sample_sd,population_sd,min,max,identical_duplicate_rows,conflicting_seed_count,notes
ae_cifar_2arg,classification,InnerNetAE,cifar10,test_mse,reported_scalar,6bc31816246cac9d19359753b5304f7d6d7a8f45a333f4c36199687fcbfad554,reportable,5,5,1234;42;43;44;45,0.00810473788679;0.00808933813274;0.00811796477139;0.00807811691612;0.00807700051367,0.00809343164414,1.76846348124e-05,1.58176182391e-05,0.00807700051367,0.00811796477139,0,0,
ae_cifar_relu,classification,BaselineAE,cifar10,test_mse,reported_scalar,2d689a39020d30612a47fe8d21d3250df07016a738d961f6a4007ce90755125c,reportable,5,5,1234;42;43;44;45,0.010372406964;0.0107330192775;0.0104752894402;0.0108950512648;0.0118033344314,0.0108558202755,0.000568527566956,0.000508506514719,0.010372406964,0.0118033344314,0,0,
ae_fmnist_2arg,classification,InnerNetAE,fashionmnist,test_mse,reported_scalar,acd44fd4058b9450b16e2d66665f39fdd5e6b5df3d7a76a8db2419448de16d81,reportable,5,5,1234;42;43;44;45,0.00762605596632;0.0076140754208;0.00760413356125;0.00765883254111;0.00770096886903,0.0076408132717,3.94381853401e-05,3.52745853319e-05,0.00760413356125,0.00770096886903,0,0,
ae_fmnist_relu,classification,BaselineAE,fashionmnist,test_mse,reported_scalar,557199e65ebf5d8de6f19a6773c91cf6e0e3349c2bf54a77e7d0ce1a9a0240da,reportable,5,5,1234;42;43;44;45,0.0089074564904;0.00837867202163;0.00852003436238;0.00829326363206;0.00888640500307,0.00859716630191,0.000285475457209,0.000255337011291,0.00829326363206,0.0089074564904,0,0,
ae_mnist_2arg,classification,InnerNetAE,mnist,test_mse,reported_scalar,d32501668032de03907caefa8013bb5233eb8eabff2effb2f1cb2e121ba8581d,reportable,5,5,1234;42;43;44;45,0.003959447366;0.0038714551311;0.00390267692134;0.0038415850129;0.00397447175197,0.00390992723666,5.66161796533e-05,5.06390505324e-05,0.0038415850129,0.00397447175197,0,0,
ae_mnist_relu,classification,BaselineAE,mnist,test_mse,reported_scalar,fb2c6af3870f5934e6190e076d93c29057b4f9f562338781fb5852ec8d21f60e,reportable,5,5,1234;42;43;44;45,0.00785454593971;0.00616843644977;0.0057024060145;0.00680412570164;0.00766891486645,0.00683968579441,0.000930431011562,0.000832202796091,0.0057024060145,0.00785454593971,0,0,
ae_mnist_relu_matched,classification,BaselineAE,mnist,test_mse,reported_scalar,68c2c38e334fdfc7161efb27e6c2785be662e52af53cffef04a47362d598eeb2,reportable,5,5,1234;42;43;44;45,0.00558414229974;0.00509643515646;0.00646144764647;0.00642861484289;0.00576183130965,0.00586649425104,0.000581725250302,0.000520310881562,0.00509643515646,0.00646144764647,0,0,
ae_mnist_scale_2arg_l16,classification,InnerNetAE,mnist,test_mse,reported_scalar,e81db421cb6a69f0e9d5d73bdcc91e1560f01cdc80371fcf073bce3f25c46874,reportable,3,3,1234;42;43,0.00757922678217;0.00748043706492;0.00751466640458,0.00752477675055,5.01648919146e-05,4.09594627309e-05,0.00748043706492,0.00757922678217,0,0,
ae_mnist_scale_2arg_l32,classification,InnerNetAE,mnist,test_mse,reported_scalar,83b3e7c6ad47b6d967cc90181b81e09b799bcb72c91575b1a49117e8fe0f3aff,reportable,3,3,1234;42;43,0.00395625771359;0.003871455146;0.00388201740421,0.00390324342127,4.62144643727e-05,3.77339521497e-05,0.003871455146,0.00395625771359,0,0,
ae_mnist_scale_2arg_l64,classification,InnerNetAE,mnist,test_mse,reported_scalar,666b6452b69b9f3d6ed41767a4ba46ae739bc847eb0e938a806272756c37b460,reportable,3,3,1234;42;43,0.0026034517426;0.00253887960762;0.00253648683429,0.0025596060615,3.79903165881e-05,3.10189636026e-05,0.00253648683429,0.0026034517426,0,0,
ae_mnist_scale_2arg_l8,classification,InnerNetAE,mnist,test_mse,reported_scalar,39dcd83438a3e70e10faee05d9c833ad72035c564a9f3dc2e7f22ce1364d1e71,reportable,3,3,1234;42;43,0.0142153866142;0.0140110776842;0.0141644430071,0.0141303024352,0.000106347161285,8.68320935805e-05,0.0140110776842,0.0142153866142,0,0,
ae_mnist_scale_relu_l16,classification,BaselineAE,mnist,test_mse,reported_scalar,709ace46391384e714a52b657c67df4e1dee5d810d8bf5188a08c46ebeacd567,reportable,3,3,1234;42;43,0.0110257021248;0.0108832120553;0.0121738327459,0.011360915642,0.000707602655663,0.000577755149004,0.0108832120553,0.0121738327459,0,0,
ae_mnist_scale_relu_l32,classification,BaselineAE,mnist,test_mse,reported_scalar,5712ba75ed9b83281a5660a044621430c180e03afe108e94423ec8aaceb6f57b,reportable,3,3,1234;42;43,0.00785454589203;0.0061677662842;0.00618952504471,0.00673727907365,0.000967642608876,0.000790076881707,0.0061677662842,0.00785454589203,0,0,
ae_mnist_scale_relu_l64,classification,BaselineAE,mnist,test_mse,reported_scalar,340efe236fd5090865e6db63790fed92444cc2ce2682de6485559b6566061921,reportable,3,3,1234;42;43,0.00386100970171;0.00390203999691;0.00492937790006,0.00423080919956,0.000605325980999,0.000494246593832,0.00386100970171,0.00492937790006,0,0,
ae_mnist_scale_relu_l8,classification,BaselineAE,mnist,test_mse,reported_scalar,5b316bcc6ed4d8dffd3420c5c85c69b83acf5504e460dd755dbdde2e50e35604,reportable,3,3,1234;42;43,0.0199105245084;0.0175634375244;0.0174393788949,0.0183044469759,0.00139228639874,0.00113679708425,0.0174393788949,0.0199105245084,0,0,
cnn_cifar100_big_2arg,classification,XorNeuronConv,cifar100,test_accuracy,reported_scalar,782e516ee9510a1dad58125bcbb04d44673c7dce4b5e371cd85e665371afcccc,reportable,5,5,1234;42;43;44;45,0.5384;0.5441;0.5378;0.5458;0.521,0.53742,0.00981794275803,0.00878143496246,0.521,0.5458,0,0,
cnn_cifar100_big_relu,classification,BaselineCNN,cifar100,test_accuracy,reported_scalar,7e7a42606cc80a30a4567064b729ad9530531d89aca986d4e0fe97c6c49ab69a,reportable,5,5,1234;42;43;44;45,0.488;0.5048;0.4942;0.5008;0.5121,0.49998,0.00932373315791,0.00833940045807,0.488,0.5121,0,0,
cnn_cifar100_swiglu,classification,SwiGLUCNN,cifar100,test_accuracy,reported_scalar,36c1bba639c96db3c8ffa1f32dfe29f153b77f1501bb18371c987ad1079327a9,reportable,5,5,1234;42;43;44;45,0.4644;0.4721;0.4568;0.4673;0.4635,0.46482,0.0055988391654,0.00500775398757,0.4568,0.4721,0,0,
cnn_cifar_1arg,classification,XorNeuronConv,cifar10,test_accuracy,reported_scalar,9e660ac04d1338e8947bb2ceb678cc8b4be49183ec53d7c98ef146fc016f1ade,reportable,5,5,1234;42;43;44;45,0.8024;0.796;0.8122;0.8152;0.8254,0.81024,0.0114292606935,0.0102226415373,0.796,0.8254,0,0,
cnn_cifar_2arg,classification,XorNeuronConv,cifar10,test_accuracy,reported_scalar,2ea233231a0c91027cab1495daa2418aed7f3492e82017eacc96bb468a12fb3a,reportable,5,5,1234;42;43;44;45,0.7868;0.7969;0.7894;0.7793;0.7762,0.78572,0.00823935677101,0.00736950473234,0.7762,0.7969,0,0,
cnn_cifar_relu,classification,BaselineCNN,cifar10,test_accuracy,reported_scalar,687c39df0f6e7e20bbcec0462fe7d0f57bfa8a46dea55abb330d4e2cbdf4ca5c,reportable,5,5,1234;42;43;44;45,0.7398;0.7347;0.7421;0.7479;0.735,0.7399,0.00547494292208,0.00489693781868,0.7347,0.7479,0,0,
cnn_cifar_relu_ln,classification,BaselineCNN,cifar10,test_accuracy,reported_scalar,94ad1ed55c0268fa7785a7757965d01c7cabcc2f099bd4858ca1738ff9badf10,reportable,4,4,42;43;44;45,0.7469;0.7506;0.7564;0.7518,0.751425,0.0039178012541,0.00339291541303,0.7469,0.7564,0,0,
cnn_cifar_relu_matched,classification,BaselineCNN,cifar10,test_accuracy,reported_scalar,58e568addca80e0670a71a1fe4d9b1e9786532f46e2bfe7f2eeb2c378cf07b13,reportable,5,5,1234;42;43;44;45,0.7018;0.7117;0.7072;0.7111;0.7018,0.70672,0.00481217206675,0.00430413754427,0.7018,0.7117,0,0,
cnn_cifar_scale_2arg_s0p25,classification,XorNeuronConv,cifar10,test_accuracy,reported_scalar,3d25e4442e27cf88256c0185762f83ba6a10f520164fccc6db6dee8bf9b4f19d,reportable,3,3,1234;42;43,0.427;0.5338;0.5274,0.496066666667,0.0598990261468,0.0489073500498,0.427,0.5338,0,0,
cnn_cifar_scale_2arg_s0p5,classification,XorNeuronConv,cifar10,test_accuracy,reported_scalar,fb4981e41bde5b9bb0151f4f54b3ba83ac0ea1c6e7bc9ca8de9ae79337ff94d8,reportable,3,3,1234;42;43,0.5945;0.6372;0.6411,0.624266666667,0.0258523370962,0.021108344848,0.5945,0.6411,0,0,
cnn_cifar_scale_2arg_s1,classification,XorNeuronConv,cifar10,test_accuracy,reported_scalar,36dff0a435e520d4fc7627fe6d60266d88acd3897523644c67b0a5b0ca17d4ef,reportable,3,3,1234;42;43,0.7933;0.7889;0.7801,0.787433333333,0.00672111101927,0.00548776416727,0.7801,0.7933,0,0,
cnn_cifar_scale_relu_s0p25,classification,BaselineCNN,cifar10,test_accuracy,reported_scalar,1056c474d90c114dfd54bf8e5042dbfe28049eabf839650732f1d7f856fb92ac,reportable,3,3,1234;42;43,0.5374;0.5264;0.5284,0.530733333333,0.00585946527708,0.0047842333648,0.5264,0.5374,0,0,
cnn_cifar_scale_relu_s0p5,classification,BaselineCNN,cifar10,test_accuracy,reported_scalar,130e209bb9714e8ea787048f61618bdfb287fbf4fbbb482cc720785ee280c4a7,reportable,3,3,1234;42;43,0.6799;0.677;0.6781,0.678333333333,0.0014640127504,0.00119536140514,0.677,0.6799,0,0,
cnn_cifar_scale_relu_s1,classification,BaselineCNN,cifar10,test_accuracy,reported_scalar,a4a48aa1502957151857ebda0d1d0a813ba38c1e23fe31469e38df5f8eb9d1ac,reportable,3,3,1234;42;43,0.7747;0.7671;0.7725,0.771433333333,0.00391066916695,0.00319304800395,0.7671,0.7747,0,0,
cnn_cifar_scale_relu_s2,classification,BaselineCNN,cifar10,test_accuracy,reported_scalar,39b3a0d1bd5b217348aad6fc0c5661db8b71791f6ba0c73119fe88d89177980e,reportable,3,3,1234;42;43,0.8065;0.8033;0.7995,0.8031,0.00350428309359,0.00286123516452,0.7995,0.8065,0,0,
cnn_cifar_scale_relu_s4,classification,BaselineCNN,cifar10,test_accuracy,reported_scalar,87fb5f49e7c30f9e8af0f9f207c852f2f921b48ece1143af96a3fc2811523cf6,reportable,3,3,1234;42;43,0.8114;0.8128;0.8082,0.8108,0.00235796522451,0.00192527054376,0.8082,0.8128,0,0,
cnn_fmnist_1arg,classification,XorNeuronConv,fashionmnist,test_accuracy,reported_scalar,59d29acb333714dc0e8483129baca54a42f97576b3ed43e1898d40fc71b6a57a,reportable,1,1,1234,0.9146,0.9146,,0,0.9146,0.9146,0,0,
cnn_fmnist_2arg,classification,XorNeuronConv,fashionmnist,test_accuracy,reported_scalar,13d259d402c14f739d87ab8718787e7ba76da858f34fa4931b0ab5d87df5178e,reportable,1,1,1234,0.9087,0.9087,,0,0.9087,0.9087,0,0,
cnn_fmnist_relu,classification,BaselineCNN,fashionmnist,test_accuracy,reported_scalar,97c31a36e50626f43609d085204b0f90d762c7754ce5b8dad0a2a36b1db15484,reportable,5,5,1234;42;43;44;45,0.8946;0.8944;0.891;0.8929;0.8942,0.89342,0.00150731549451,0.00134818396371,0.891,0.8946,0,0,
cnn_fmnist_relu_ln,classification,BaselineCNN,fashionmnist,test_accuracy,reported_scalar,ada842bb66d120ae1712427e1db1f7700204fdef24a009e474d9d776ad87bb28,reportable,5,5,1234;42;43;44;45,0.8966;0.8926;0.8922;0.8932;0.8925,0.89342,0.00181438694881,0.00162283702201,0.8922,0.8966,0,0,
cnn_mnist_1arg,classification,XorNeuronConv,mnist,test_accuracy,reported_scalar,c36aff904953f700e8bf21846e08619c8fe4ac912d0f50bada62e55d8ddceb20,reportable,4,4,1234;42;44;45,0.9937;0.9935;0.9948;0.9946,0.99415,0.000645497224368,0.000559016994375,0.9935,0.9948,0,0,
cnn_mnist_2arg,classification,XorNeuronConv,mnist,test_accuracy,reported_scalar,ac8f6cf68e0439c7e705a194f5d5f4da183bdf395bfc24b508f0b9c2f3682faf,reportable,5,5,1234;42;43;44;45,0.994;0.9934;0.9945;0.9944;0.9942,0.9941,0.000435889894354,0.000389871773792,0.9934,0.9945,0,0,
cnn_mnist_relu,classification,BaselineCNN,mnist,test_accuracy,reported_scalar,f755c0f7551db93bc1041ec9894915ec3271bc9bb3b3d60d4eb9f7c11c85c7ec,reportable,5,5,1234;42;43;44;45,0.9899;0.9905;0.9902;0.9905;0.9897,0.99016,0.0003577708764,0.00032,0.9897,0.9905,0,0,
cnn_mnist_relu_ln,classification,BaselineCNN,mnist,test_accuracy,reported_scalar,9c32f7827b2185428a2d300ae4fd94e5d56da9fd4e4bfb3d12af01b31aeb3dd2,reportable,4,4,42;43;44;45,0.9916;0.9921;0.9916;0.9919,0.9918,0.000244948974278,0.000212132034356,0.9916,0.9921,0,0,
cnn_svhn_2arg,classification,XorNeuronConv,svhn,test_accuracy,reported_scalar,504773ae7892ebd8a19167280f67f3b5b0966ac9701170ff33f19968a955798d,reportable,1,1,1234,0.950099877074,0.950099877074,,0,0.950099877074,0.950099877074,0,0,
cnn_svhn_relu,classification,BaselineCNN,svhn,test_accuracy,reported_scalar,f9bb25542243b69da4527f7948d4476d6738d35793f1c1c4fd2abcb4eadd3da5,reportable,5,5,1234;42;43;44;45,0.926283036263;0.927934849416;0.926436693301;0.922480024585;0.924131837738,0.925453288261,0.0021447751255,0.00191834519083,0.922480024585,0.927934849416,0,0,
cnn_svhn_relu_ln,classification,BaselineCNN,svhn,test_accuracy,reported_scalar,1551c2ac403427f24ea25899629250c8ea4ca9f9997a2f784af5763793cca68e,reportable,3,3,1234;43;44,0.929240934235;0.927896435157;0.927589121082,0.928242163491,0.000878503121238,0.000717294794825,0.927589121082,0.929240934235,0,0,
lstm_wikitext_2arg,language_model,InnerNetLSTMModel,wikitext,best_val_ppl,best_over_recorded_epochs,4e5ad913ea35ff1ac79b9ecfab0eb1ad7d5183fbd3f51efa075091224b4a4143,reportable,5,5,42;43;44;45;46,102.306236227;103.532759016;103.018593477;104.185864027;103.361027133,103.280895976,0.690577184859,0.617671011622,102.306236227,104.185864027,0,0,
lstm_wikitext_2arg,language_model,InnerNetLSTMModel,wikitext,final_val_ppl,final_recorded_epoch,4e5ad913ea35ff1ac79b9ecfab0eb1ad7d5183fbd3f51efa075091224b4a4143,reportable,5,5,42;43;44;45;46,104.795838178;105.52073921;105.152515218;105.681498089;105.338331806,105.2977845,0.343381085508,0.307129379754,104.795838178,105.681498089,0,0,
lstm_wikitext_baseline,language_model,StandardLSTMModel,wikitext,best_val_ppl,best_over_recorded_epochs,ccbf127e2c86d84a452964cde91e769265b5ec262fcb873b5f70378988f700fd,reportable,5,5,42;43;44;45;46,104.209785478;104.904844116;103.21696386;104.677993995;104.66557236,104.335031962,0.674041683446,0.602881209541,103.21696386,104.904844116,0,0,
lstm_wikitext_baseline,language_model,StandardLSTMModel,wikitext,final_val_ppl,final_recorded_epoch,ccbf127e2c86d84a452964cde91e769265b5ec262fcb873b5f70378988f700fd,reportable,5,5,42;43;44;45;46,107.962006953;109.332528467;107.204704323;108.520443781;108.936448326,108.39122637,0.835475558465,0.747272056907,107.204704323,109.332528467,0,0,
mixer_cifar_2arg,mixer,InnerNetMLPMixer,,best_val_accuracy,best_over_recorded_epochs,100ee5aaabb5f6ea9700a8e364a04335e25d02d15fa6c8329373f159bf829aca,reportable,5,5,42;43;44;45;46,0.7997;0.8009;0.8054;0.8051;0.802,0.80262,0.00253712435643,0.00226927301134,0.7997,0.8054,0,0,
mixer_cifar_2arg,mixer,InnerNetMLPMixer,,final_val_accuracy,final_recorded_epoch,100ee5aaabb5f6ea9700a8e364a04335e25d02d15fa6c8329373f159bf829aca,reportable,5,5,42;43;44;45;46,0.7997;0.8006;0.8053;0.8042;0.8009,0.80214,0.00245418010749,0.00219508541975,0.7997,0.8053,0,0,
mixer_cifar_gelu,mixer,StandardMLPMixer,,best_val_accuracy,best_over_recorded_epochs,36c23594640b73a2fd574de48a2451d1686fab823f0a8fd342ab406dcf2c04e3,reportable,5,5,42;43;44;45;46,0.81;0.814;0.8161;0.8097;0.8159,0.81314,0.00311496388422,0.00278610839703,0.8097,0.8161,0,0,
mixer_cifar_gelu,mixer,StandardMLPMixer,,final_val_accuracy,final_recorded_epoch,36c23594640b73a2fd574de48a2451d1686fab823f0a8fd342ab406dcf2c04e3,reportable,5,5,42;43;44;45;46,0.8098;0.8137;0.8155;0.8086;0.8153,0.81258,0.00319170800669,0.00285475042692,0.8086,0.8155,0,0,
mixer_mnist_2arg,mixer,InnerNetMLPMixer,mnist,best_val_accuracy,best_over_recorded_epochs,28fc69193f7b086b7c0a2768b778abaf1906e82f9a9d3ef8f253b40a7f16a7e3,reportable,5,5,42;43;44;45;46,0.9909;0.9917;0.9904;0.9922;0.9906,0.99116,0.000763544366753,0.000682934843159,0.9904,0.9922,0,0,
mixer_mnist_2arg,mixer,InnerNetMLPMixer,mnist,final_val_accuracy,final_recorded_epoch,28fc69193f7b086b7c0a2768b778abaf1906e82f9a9d3ef8f253b40a7f16a7e3,reportable,5,5,42;43;44;45;46,0.9908;0.9917;0.9899;0.9921;0.9905,0.991,0.000894427191,0.0008,0.9899,0.9921,0,0,
mixer_mnist_gelu,mixer,StandardMLPMixer,mnist,best_val_accuracy,best_over_recorded_epochs,bf42c70551dd65005a4ed8e668e8d29c7a20df5bde586eb378da8a0a759c7592,reportable,5,5,42;43;44;45;46,0.991;0.9904;0.9901;0.9904;0.9894,0.99026,0.00058137767415,0.00052,0.9894,0.991,0,0,
mixer_mnist_gelu,mixer,StandardMLPMixer,mnist,final_val_accuracy,final_recorded_epoch,bf42c70551dd65005a4ed8e668e8d29c7a20df5bde586eb378da8a0a759c7592,reportable,5,5,42;43;44;45;46,0.991;0.9903;0.9899;0.9903;0.9892,0.99014,0.000658027355054,0.000588557558782,0.9892,0.991,0,0,
mlp_cifar_1arg,classification,XorNeuronMLP,cifar10,test_accuracy,reported_scalar,78356af0971f2032093edb64585e8650192e3d8e7b317cd036b87d65b8162b2c,reportable,5,5,1234;42;43;44;45,0.5443;0.5434;0.5354;0.5376;0.5433,0.5408,0.00402057209859,0.00359610900836,0.5354,0.5443,0,0,
mlp_cifar_2arg,classification,XorNeuronMLP,cifar10,test_accuracy,reported_scalar,500630814cd4ddf33d6ec9c3d6af07cf128628123b62d4c3417aa577e741999b,reportable,5,5,1234;42;43;44;45,0.5214;0.5172;0.5205;0.5167;0.5174,0.51864,0.00214778956139,0.00192104138425,0.5167,0.5214,0,0,
mlp_cifar_relu,classification,BaselineMLP,cifar10,test_accuracy,reported_scalar,4a84a933fd66d001a2e5a15dd4b6f5944d554ac2c47426c4b7f14ecc422c1154,reportable,5,5,1234;42;43;44;45,0.4931;0.4978;0.4981;0.4937;0.4939,0.49532,0.00242115674833,0.00216554842938,0.4931,0.4981,0,0,
mlp_cifar_relu_ln,classification,BaselineMLP,cifar10,test_accuracy,reported_scalar,157ecc42c84686a1b187613c0c6a1e17b295567763a49bee1682dee8baf74386,reportable,4,4,42;43;44;45,0.5124;0.5109;0.5124;0.5142,0.512475,0.00135,0.00116913429511,0.5109,0.5142,0,0,
mlp_cifar_scale_2arg_w128,classification,XorNeuronMLP,cifar10,test_accuracy,reported_scalar,f9236a2a61436ec2eb34559ef07d609f6b065f6f1719a8d473ca8c184f965c88,reportable,5,5,1234;42;43;44;45,0.5204;0.5178;0.5198;0.52;0.5244,0.52048,0.00241080899285,0.00215629311551,0.5178,0.5244,0,0,
mlp_cifar_scale_2arg_w256,classification,XorNeuronMLP,cifar10,test_accuracy,reported_scalar,7834c3c75289e2290ce9c33eb256618834742108247b9b8e205661834d29da39,reportable,5,5,1234;42;43;44;45,0.5452;0.5485;0.5425;0.5544;0.5505,0.54822,0.00461811649918,0.00413056896807,0.5425,0.5544,0,0,
mlp_cifar_scale_2arg_w32,classification,XorNeuronMLP,cifar10,test_accuracy,reported_scalar,f8e46af2b0f2ef7da9f53ba051f0886394e3ec77ec3bba911efb0f518b1fae8e,reportable,5,5,1234;42;43;44;45,0.388;0.3917;0.3926;0.3716;0.3731,0.3834,0.0102471947381,0.0091653696052,0.3716,0.3926,0,0,
mlp_cifar_scale_2arg_w512,classification,XorNeuronMLP,cifar10,test_accuracy,reported_scalar,6a4f659f15e5c7e245c818a4d2572ee8e542a247f84fe18d6d5705ffca9296bd,reportable,5,5,1234;42;43;44;45,0.5515;0.5571;0.5599;0.5516;0.5615,0.55632,0.00463055072319,0.00414169047612,0.5515,0.5615,0,0,
mlp_cifar_scale_2arg_w64,classification,XorNeuronMLP,cifar10,test_accuracy,reported_scalar,d4cc471f1616a4df5e941a7b20a108092ddb36f238dbe653d3489a05da224dee,reportable,5,5,1234;42;43;44;45,0.4713;0.4787;0.4739;0.481;0.478,0.47658,0.00390858030492,0.00349594050293,0.4713,0.481,0,0,
mlp_cifar_scale_relu_w128,classification,BaselineMLP,cifar10,test_accuracy,reported_scalar,572a9f5ef25233b1b8e949884e9ee95bac3f935470915325efb4a818dcbf1110,reportable,5,5,1234;42;43;44;45,0.5022;0.4969;0.4973;0.4973;0.5,0.49874,0.00229630137395,0.00205387438759,0.4969,0.5022,0,0,
mlp_cifar_scale_relu_w256,classification,BaselineMLP,cifar10,test_accuracy,reported_scalar,cd2c8435887bc88c563ae80a19e552006a89ab5f13a0d83e49d35fe16412876d,reportable,5,5,1234;42;43;44;45,0.5176;0.5205;0.5196;0.5235;0.5185,0.51994,0.00227222358055,0.00203233855447,0.5176,0.5235,0,0,
mlp_cifar_scale_relu_w32,classification,BaselineMLP,cifar10,test_accuracy,reported_scalar,3542941d9994ec484948fbfc0a20227f7216eb8edf8a3191106ed031bab82de0,reportable,5,5,1234;42;43;44;45,0.3751;0.3841;0.3608;0.385;0.3686,0.37472,0.0103081036083,0.00921984815493,0.3608,0.385,0,0,
mlp_cifar_scale_relu_w512,classification,BaselineMLP,cifar10,test_accuracy,reported_scalar,7bdaf1ed256b90821ae5d99e4883e6f4026da5dca1a9468eb12b8a5fec03826d,reportable,5,5,1234;42;43;44;45,0.5233;0.5238;0.5263;0.5262;0.532,0.52632,0.00345499638205,0.00309024270891,0.5233,0.532,0,0,
mlp_cifar_scale_relu_w64,classification,BaselineMLP,cifar10,test_accuracy,reported_scalar,17102657afa4f21a24380080f8a52faf887d539e0f83ffbb88978e6e74687668,reportable,5,5,1234;42;43;44;45,0.4591;0.4573;0.4584;0.4546;0.4589,0.45766,0.00184743064822,0.00165239220526,0.4546,0.4591,0,0,
mlp_diabetes_2arg,classification,XorNeuronMLP,diabetes,test_mse,reported_scalar,e9184c25011b3ddf69ccc5df7751328306922b9c505136e1df08587311d858f9,reportable,3,3,1234;42;43,0.595905125141;0.445994019508;0.475094139576,0.505664428075,0.0794936588805,0.0649063006813,0.445994019508,0.595905125141,0,0,
mlp_diabetes_relu,classification,BaselineMLP,diabetes,test_mse,reported_scalar,bdc69057e0f59a767108a571e1ff09fc434b5fbd72f35bf5f2d728dacfdaab6c,reportable,3,3,1234;42;43,0.486317187548;0.473088085651;0.569405019283,0.509603430827,0.0522103894893,0.0426296045069,0.473088085651,0.569405019283,0,0,
mlp_fmnist_1arg,classification,XorNeuronMLP,fashionmnist,test_accuracy,reported_scalar,e9fca48164133e9ecf44af489960c0ce47d638e3bb3b079d04f8c6e40b9a08c4,reportable,1,1,1234,0.8927,0.8927,,0,0.8927,0.8927,0,0,
mlp_fmnist_2arg,classification,XorNeuronMLP,fashionmnist,test_accuracy,reported_scalar,e80941782a81bc91c4e1d7e28eb77596deabef265c2d7323c4af7ac509b78b2b,reportable,1,1,1234,0.8853,0.8853,,0,0.8853,0.8853,0,0,
mlp_fmnist_relu,classification,BaselineMLP,fashionmnist,test_accuracy,reported_scalar,ebc237ca752b25b53f1cf09b6918e7f012a330a36c3a31f160ad5e3655d65ba5,reportable,1,1,1234,0.8668,0.8668,,0,0.8668,0.8668,0,0,
mlp_housing_2arg,classification,XorNeuronMLP,housing,test_mse,reported_scalar,835e4f7c89abfe4c63f32e560951ee8d88ab946fdff66a8080ccbbc07bbd9f5f,reportable,5,5,1234;42;43;44;45,0.209577202977;0.197699250393;0.191658142174;0.189573856908;0.190693777127,0.195840445916,0.00829764500713,0.00742163931564,0.189573856908,0.209577202977,0,0,
mlp_housing_relu,classification,BaselineMLP,housing,test_mse,reported_scalar,2083d27166d1ad5f95cc34ed9cbaba515bf0fb79daa2ce77e770c0f86bf30f37,reportable,5,5,1234;42;43;44;45,0.218529431438;0.202905286659;0.202788546992;0.19551836448;0.210167743208,0.205981874555,0.00871938153208,0.007798851931,0.19551836448,0.218529431438,0,0,
mlp_housing_scale_2arg_w120,classification,XorNeuronMLP,housing,test_mse,reported_scalar,69c6682712ed7c3bb5c15ce964d7bea02bbbb29cc1a6d9669dab5c8d93521ebe,reportable,3,3,1234;42;43,0.203631464204;0.194216419156;0.192720116542,0.196855999967,0.00591522756088,0.00482976307887,0.192720116542,0.203631464204,0,0,
mlp_housing_scale_2arg_w256,classification,XorNeuronMLP,housing,test_mse,reported_scalar,a97e89a38ddd05c6fb4a0496f481d7122602874f2013691829d23a190a9839c0,reportable,3,3,1234;42;43,0.202338873568;0.199520485793;0.199161330678,0.200340230013,0.00174016669964,0.0014208401605,0.199161330678,0.202338873568,0,0,
mlp_housing_scale_2arg_w32,classification,XorNeuronMLP,housing,test_mse,reported_scalar,e5a9e5ae7ebbda4db9ecd5797296e0d84c0451360220ddbdc2f1938d89c69cc0,reportable,3,3,1234;42;43,0.242254660126;0.237978146375;0.229993181476,0.236741995992,0.00622350508094,0.00508147061997,0.229993181476,0.242254660126,0,0,
mlp_housing_scale_2arg_w512,classification,XorNeuronMLP,housing,test_mse,reported_scalar,2699831e44724ad38ecbbb2bf1b00d20b23cb87dc241ab5b75c95ae45f8c7568,reportable,3,3,1234;42;43,0.206252775631;0.206080377831;0.2020246639,0.204785939121,0.00239288756224,0.00195378451312,0.2020246639,0.206252775631,0,0,
mlp_housing_scale_2arg_w64,classification,XorNeuronMLP,housing,test_mse,reported_scalar,a1282f5bd0ff2b2a23563a3f793c45777c447dd6f6d996daeb3cd3daba5f7e41,reportable,3,3,1234;42;43,0.219853118668;0.212033137852;0.210798609251,0.214228288591,0.00491019859787,0.00400916036684,0.210798609251,0.219853118668,0,0,
mlp_housing_scale_relu_w120,classification,BaselineMLP,housing,test_mse,reported_scalar,656078bb161a1b169da404f5b5b016b2a6cfe0c3a90ee1ffa9f2e531040c116d,reportable,3,3,1234;42;43,0.216955929764;0.202597237055;0.200327354938,0.206626840586,0.00901696476879,0.00736232090406,0.200327354938,0.216955929764,0,0,
mlp_housing_scale_relu_w256,classification,BaselineMLP,housing,test_mse,reported_scalar,2ca98131a608a57561dc8961c41851fb3de38b4753cfe994322e68aa7aacc916,reportable,3,3,1234;42;43,0.207232390819;0.191080021542;0.189882243045,0.196064885135,0.00968986871587,0.00791174467614,0.189882243045,0.207232390819,0,0,
mlp_housing_scale_relu_w32,classification,BaselineMLP,housing,test_mse,reported_scalar,d1355fe97370631c81a2c3288ef53b99cbe3c407bb4c1ba8e347a33e6bdad208,reportable,3,3,1234;42;43,0.264872679054;0.247174659932;0.240316192425,0.250787843803,0.0126706977771,0.010345581413,0.240316192425,0.264872679054,0,0,
mlp_housing_scale_relu_w512,classification,BaselineMLP,housing,test_mse,reported_scalar,9a0c0504e10c51a7896843ac0ceb24ca7988fd35f297794d37b0278ec393a61c,reportable,3,3,1234;42;43,0.201327719747;0.192917197936;0.193798160242,0.196014359308,0.00462253967135,0.00377428783686,0.192917197936,0.201327719747,0,0,
mlp_housing_scale_relu_w64,classification,BaselineMLP,housing,test_mse,reported_scalar,f7702472e97c0c32a278240fb98a94f8159f762df378080fddfdb1a18c52d198,reportable,3,3,1234;42;43,0.223298103772;0.216660113269;0.213390436103,0.217782884381,0.00504835922758,0.00412196804862,0.213390436103,0.223298103772,0,0,
mlp_mnist_1arg,classification,XorNeuronMLP,mnist,test_accuracy,reported_scalar,c4a55e3aaaa283682504559bd2069438eae75b6bfe35fb6aff50c977e404624f,reportable,5,5,1234;42;43;44;45,0.9835;0.9839;0.9832;0.9831;0.9828,0.9833,0.000418330013267,0.000374165738677,0.9828,0.9839,0,0,
mlp_mnist_2arg,classification,XorNeuronMLP,mnist,test_accuracy,reported_scalar,53dd24b4171f1f257bd30af2320324d198eb5fed88404c566cfcd804e97cb478,reportable,5,5,1234;42;43;44;45,0.9799;0.9777;0.9812;0.9798;0.98,0.97972,0.00126372465355,0.00113030969208,0.9777,0.9812,0,0,
mlp_mnist_big_2arg,classification,XorNeuronMLP,mnist,test_accuracy,reported_scalar,63ed137be0068aafdd5fed1f940bf0768968b2c604bf8fc533eeba067ea6c1a7,reportable,5,5,1234;42;43;44;45,0.9836;0.9835;0.9844;0.9838;0.9844,0.98394,0.000433589667774,0.000387814388593,0.9835,0.9844,0,0,
mlp_mnist_big_relu,classification,BaselineMLP,mnist,test_accuracy,reported_scalar,4b3e43a0dae6eed50a4a866a49db8a973688d76ad2366a0effb3662b2c7a1d68,reportable,5,5,1234;42;43;44;45,0.9783;0.9803;0.9787;0.9795;0.9795,0.97926,0.000779743547585,0.000697423830967,0.9783,0.9803,0,0,
mlp_mnist_relu,classification,BaselineMLP,mnist,test_accuracy,reported_scalar,388b21cd06dc9f6122f897bb8ed3826af265988f2a0f0b587898c2f683119453,reportable,1,1,1234,0.8563,0.8563,,0,0.8563,0.8563,0,0,
mlp_mnist_relu,classification,BaselineMLP,mnist,test_accuracy,reported_scalar,bf57c7ce513f88ac0e42dc5d933b16428ff1d49a34b62caf45e0bf2ed3ccf540,reportable,5,5,1234;42;43;44;45,0.9127;0.9305;0.9278;0.9456;0.9439,0.9321,0.0134061553027,0.0119908298295,0.9127,0.9456,0,0,
mlp_mnist_relu_ln,classification,BaselineMLP,mnist,test_accuracy,reported_scalar,bd09c97a0ea97d34133388cfbcc82d19879b3a95f8bca102e1a16bfbd275f988,reportable,4,4,42;43;44;45,0.9764;0.9775;0.9775;0.9753,0.976675,0.00105316981853,0.000912071817348,0.9753,0.9775,0,0,
ppo_acrobot_2arg,ppo,InnerNetPPO,,best_eval_score,best_over_recorded_epochs,4a3787d7130b6fc0f2c4c8308339acfeb65f0d4f9ee36efb61e3145da78d4845,reportable,10,10,42;43;44;45;46;47;48;49;50;51,-69.7;-68.2;-75.6;-65.7;-78.5;-69.6;-71.2;-67.1;-74.2;-66.1,-70.59,4.27926525365,4.05966747407,-78.5,-65.7,0,0,
ppo_acrobot_2arg,ppo,InnerNetPPO,,final_eval_score,final_recorded_epoch,4a3787d7130b6fc0f2c4c8308339acfeb65f0d4f9ee36efb61e3145da78d4845,reportable,10,10,42;43;44;45;46;47;48;49;50;51,-75.9;-71.8;-76.1;-69.2;-80.6;-69.6;-72.4;-67.1;-76.3;-67.8,-72.68,4.4133131923,4.1868365146,-80.6,-67.1,0,0,
ppo_acrobot_relu,ppo,BaselinePPO,,best_eval_score,best_over_recorded_epochs,4175cce4c80dcb04c9638c1c89bbab1bb5c43dad6c10dee37709cf84e417df1a,reportable,10,10,42;43;44;45;46;47;48;49;50;51,-70.8;-71.7;-74.5;-76.7;-72.1;-73.1;-71;-75.4;-71.5;-76.8,-73.36,2.32005747055,2.20099977283,-76.8,-70.8,0,0,
ppo_acrobot_relu,ppo,BaselinePPO,,final_eval_score,final_recorded_epoch,4175cce4c80dcb04c9638c1c89bbab1bb5c43dad6c10dee37709cf84e417df1a,reportable,10,10,42;43;44;45;46;47;48;49;50;51,-71.5;-72.5;-75;-80.7;-72.3;-75.3;-88.5;-77.3;-75.4;-88.1,-77.66,6.20863198387,5.89002546684,-88.5,-71.5,0,0,
ppo_acrobot_scale_2arg_h1024,ppo,InnerNetPPO,,best_eval_score,best_over_recorded_epochs,6b4744b211387a0b145b8393135649d19992da5ac5c3d4568832036278fc8e66,reportable,10,10,42;43;44;45;46;47;48;49;50;51,-500;-500;-500;-66.8;-66;-65.5;-66.3;-69.3;-68.3;-65.7,-196.79,209.238038023,198.500631989,-500,-65.5,0,0,
ppo_acrobot_scale_2arg_h1024,ppo,InnerNetPPO,,final_eval_score,final_recorded_epoch,6b4744b211387a0b145b8393135649d19992da5ac5c3d4568832036278fc8e66,reportable,10,10,42;43;44;45;46;47;48;49;50;51,-500;-500;-500;-69.8;-69.5;-70.2;-66.5;-70.9;-70.2;-68.5,-198.56,208.016811286,197.342074581,-500,-66.5,0,0,
ppo_acrobot_scale_2arg_h128,ppo,InnerNetPPO,,best_eval_score,best_over_recorded_epochs,520ec6946a35f6a99c17cac18c1d9b0f1bf0aaa536b5392754c36f65b758da31,reportable,10,10,42;43;44;45;46;47;48;49;50;51,-65.7;-68.8;-77.9;-67.8;-76.2;-69.8;-70;-70.7;-67.3;-71.4,-70.56,3.83353622651,3.63681179057,-77.9,-65.7,0,0,
ppo_acrobot_scale_2arg_h128,ppo,InnerNetPPO,,final_eval_score,final_recorded_epoch,520ec6946a35f6a99c17cac18c1d9b0f1bf0aaa536b5392754c36f65b758da31,reportable,10,10,42;43;44;45;46;47;48;49;50;51,-72.6;-77;-78.6;-75.6;-77.7;-72.6;-70;-77.8;-83.3;-71.4,-75.66,4.03407706642,3.82706153596,-83.3,-70,0,0,
ppo_acrobot_scale_2arg_h256,ppo,InnerNetPPO,,best_eval_score,best_over_recorded_epochs,b435a0dfbb8c2d5e462da296182aac40bd6e262a52cc3af5e47ac44419c27115,reportable,10,10,42;43;44;45;46;47;48;49;50;51,-65.1;-71.6;-79.3;-66.1;-71.2;-75.4;-68.4;-76.4;-74.4;-62.8,-71.07,5.39692299165,5.11997070304,-79.3,-62.8,0,0,
ppo_acrobot_scale_2arg_h256,ppo,InnerNetPPO,,final_eval_score,final_recorded_epoch,b435a0dfbb8c2d5e462da296182aac40bd6e262a52cc3af5e47ac44419c27115,reportable,10,10,42;43;44;45;46;47;48;49;50;51,-68.2;-71.6;-84.6;-66.4;-71.2;-76.8;-72.2;-77.2;-74.5;-62.8,-72.55,6.17652365368,5.85956483026,-84.6,-62.8,0,0,
ppo_acrobot_scale_2arg_h512,ppo,InnerNetPPO,,best_eval_score,best_over_recorded_epochs,e120c36ebbb69da9d907b795623d4536612fcd62542c0b60dfcd029db1aaba89,reportable,10,10,42;43;44;45;46;47;48;49;50;51,-67.4;-68.6;-72.4;-66.3;-63.1;-64.3;-67.4;-74.6;-72.4;-67.5,-68.4,3.69082947618,3.50142828,-74.6,-63.1,0,0,
ppo_acrobot_scale_2arg_h512,ppo,InnerNetPPO,,final_eval_score,final_recorded_epoch,e120c36ebbb69da9d907b795623d4536612fcd62542c0b60dfcd029db1aaba89,reportable,10,10,42;43;44;45;46;47;48;49;50;51,-74.8;-69.6;-83.1;-83.5;-65.5;-68.1;-67.4;-75.8;-72.4;-80.7,-74.09,6.61890390389,6.27924358502,-83.5,-65.5,0,0,
ppo_acrobot_scale_relu_h128,ppo,BaselinePPO,,best_eval_score,best_over_recorded_epochs,f9de934938a57e7db01693aee7052e62087a636fecb42caea3002d344225036c,reportable,10,10,42;43;44;45;46;47;48;49;50;51,-76.4;-69.2;-76.7;-75.7;-66;-70.7;-75.8;-73.4;-72.4;-75.3,-73.16,3.56937591806,3.38620731793,-76.7,-66,0,0,
ppo_acrobot_scale_relu_h128,ppo,BaselinePPO,,final_eval_score,final_recorded_epoch,f9de934938a57e7db01693aee7052e62087a636fecb42caea3002d344225036c,reportable,10,10,42;43;44;45;46;47;48;49;50;51,-87;-69.3;-86.3;-76.8;-73.8;-71.6;-77.9;-75.6;-129.9;-85.1,-83.33,17.484345379,16.5871064384,-129.9,-69.3,0,0,
ppo_acrobot_scale_relu_h256,ppo,BaselinePPO,,best_eval_score,best_over_recorded_epochs,8a5745b9aed8e66b0a9effccb9c3a0ae56c9dd49800ac1f35b86059f62c2e8f6,reportable,10,10,42;43;44;45;46;47;48;49;50;51,-68.8;-71.8;-74.6;-71;-70.6;-70.3;-67.4;-75;-74;-67.9,-71.14,2.7175152049,2.57806128709,-75,-67.4,0,0,
ppo_acrobot_scale_relu_h256,ppo,BaselinePPO,,final_eval_score,final_recorded_epoch,8a5745b9aed8e66b0a9effccb9c3a0ae56c9dd49800ac1f35b86059f62c2e8f6,reportable,10,10,42;43;44;45;46;47;48;49;50;51,-68.8;-72.4;-80.6;-71.5;-70.6;-77.4;-73.4;-75;-75.5;-68.6,-73.38,3.82180876317,3.62568614196,-80.6,-68.6,0,0,
ppo_acrobot_scale_relu_h512,ppo,BaselinePPO,,best_eval_score,best_over_recorded_epochs,adb114ab5dd7c0488c3f45ec04af971b4cb46ee45d0c66ef45fc3ed6a9becf46,reportable,10,10,42;43;44;45;46;47;48;49;50;51,-72;-67.3;-73.8;-68;-68.6;-69.1;-67.5;-76;-68.7;-68.5,-69.95,2.95644305806,2.80472815082,-76,-67.3,0,0,
ppo_acrobot_scale_relu_h512,ppo,BaselinePPO,,final_eval_score,final_recorded_epoch,adb114ab5dd7c0488c3f45ec04af971b4cb46ee45d0c66ef45fc3ed6a9becf46,reportable,10,10,42;43;44;45;46;47;48;49;50;51,-72;-75.7;-86.8;-71.1;-73.9;-77.9;-68.9;-96.9;-70.7;-72.1,-76.6,8.76660329508,8.31673012668,-96.9,-68.9,0,0,
ppo_acrobot_scale_relu_h64,ppo,BaselinePPO,,best_eval_score,best_over_recorded_epochs,8ea10c360c87e6bcbc6ec6fe09d492f767141bf2c7026a64a8a32572a8944c88,reportable,10,10,42;43;44;45;46;47;48;49;50;51,-72.6;-73.7;-75.8;-74.4;-71.2;-78.6;-76.4;-76.2;-77.3;-75.5,-75.17,2.2236356616,2.10952601311,-78.6,-71.2,0,0,
ppo_acrobot_scale_relu_h64,ppo,BaselinePPO,,final_eval_score,final_recorded_epoch,8ea10c360c87e6bcbc6ec6fe09d492f767141bf2c7026a64a8a32572a8944c88,reportable,10,10,42;43;44;45;46;47;48;49;50;51,-76.9;-75.4;-78.9;-76.8;-78.3;-78.6;-79.1;-78.5;-77.5;-89.7,-78.97,3.94209476181,3.73979945986,-89.7,-75.4,0,0,
ppo_acrobot_swiglu,ppo,SwiGLUPPO,,best_eval_score,best_over_recorded_epochs,9363c6e52f85c1f4465257bd106808b41f41e8b769d5afc02cce6b9950a422fc,reportable,10,10,42;43;44;45;46;47;48;49;50;51,-76.3;-70.8;-77.7;-77.8;-75.3;-68.7;-76.3;-74.2;-75.5;-75.8,-74.84,2.92886022579,2.77856077853,-77.8,-68.7,0,0,
ppo_acrobot_swiglu,ppo,SwiGLUPPO,,final_eval_score,final_recorded_epoch,9363c6e52f85c1f4465257bd106808b41f41e8b769d5afc02cce6b9950a422fc,reportable,10,10,42;43;44;45;46;47;48;49;50;51,-82;-78.3;-80.4;-79.3;-82;-74.5;-87.2;-78.8;-75.5;-83.4,-80.14,3.75179956821,3.55926958799,-87.2,-74.5,0,0,
ppo_cartpole_2arg,ppo,InnerNetPPO,,best_eval_score,best_over_recorded_epochs,94a23665e55daac201e5c5b25d080f45137f01874dcc078e73cd84df365f22d5,reportable,10,10,42;43;44;45;46;47;48;49;50;51,500;500;500;500;500;500;500;500;500;500,500,0,0,500,500,0,0,
ppo_cartpole_2arg,ppo,InnerNetPPO,,final_eval_score,final_recorded_epoch,94a23665e55daac201e5c5b25d080f45137f01874dcc078e73cd84df365f22d5,reportable,10,10,42;43;44;45;46;47;48;49;50;51,500;500;500;500;500;500;500;500;500;500,500,0,0,500,500,0,0,
ppo_cartpole_relu,ppo,BaselinePPO,,best_eval_score,best_over_recorded_epochs,85532f18a64badea9ebe8dbba416cad021a501b5622dec3347f128faa26f1e52,reportable,10,10,42;43;44;45;46;47;48;49;50;51,500;500;500;500;500;500;500;500;500;500,500,0,0,500,500,0,0,
ppo_cartpole_relu,ppo,BaselinePPO,,final_eval_score,final_recorded_epoch,85532f18a64badea9ebe8dbba416cad021a501b5622dec3347f128faa26f1e52,reportable,10,10,42;43;44;45;46;47;48;49;50;51,500;500;500;500;500;500;500;500;500;500,500,0,0,500,500,0,0,
ppo_cartpole_swiglu,ppo,SwiGLUPPO,,best_eval_score,best_over_recorded_epochs,f4d965bee0a5bcf2c76dcc9718bea14ff3df8ab7f68b343bde915ce9edec1427,reportable,10,10,42;43;44;45;46;47;48;49;50;51,500;500;500;500;500;500;500;500;500;500,500,0,0,500,500,0,0,
ppo_cartpole_swiglu,ppo,SwiGLUPPO,,final_eval_score,final_recorded_epoch,f4d965bee0a5bcf2c76dcc9718bea14ff3df8ab7f68b343bde915ce9edec1427,reportable,10,10,42;43;44;45;46;47;48;49;50;51,500;500;500;500;500;500;500;500;500;500,500,0,0,500,500,0,0,
ppo_lunarlander_2arg,ppo,InnerNetPPO,,best_eval_score,best_over_recorded_epochs,a9f570991f87cfda8fd935bfb61ce0b5c8424b05bbd3a1d1c0c7c018da06d2e5,reportable,10,10,42;43;44;45;46;47;48;49;50;51,189.640974581;280.298560397;263.016745163;273.707861505;244.309757745;77.424621243;262.12422583;203.233692691;219.811676751;281.434792146,229.500290805,62.4842539026,59.2777680685,77.424621243,281.434792146,0,0,
ppo_lunarlander_2arg,ppo,InnerNetPPO,,final_eval_score,final_recorded_epoch,a9f570991f87cfda8fd935bfb61ce0b5c8424b05bbd3a1d1c0c7c018da06d2e5,reportable,10,10,42;43;44;45;46;47;48;49;50;51,62.8066227004;215.153448569;248.639740539;263.064312981;173.015209436;-66.3004982954;254.181679911;126.189185733;195.032326109;222.894964621,169.46769923,103.628101107,98.3102487286,-66.3004982954,263.064312981,0,0,
ppo_lunarlander_relu,ppo,BaselinePPO,,best_eval_score,best_over_recorded_epochs,75175846aeed8a90ba566a329561b174ff45a063803e02d2dcf320b9df7b96ce,reportable,10,10,42;43;44;45;46;47;48;49;50;51,259.827160952;258.958594348;257.628856434;225.849220397;260.495918685;269.563792428;234.118146744;252.607032283;248.793589491;250.672086854,251.851439862,13.0718276621,12.401024578,225.849220397,269.563792428,0,0,
ppo_lunarlander_relu,ppo,BaselinePPO,,final_eval_score,final_recorded_epoch,75175846aeed8a90ba566a329561b174ff45a063803e02d2dcf320b9df7b96ce,reportable,10,10,42;43;44;45;46;47;48;49;50;51,243.86002099;182.609273353;248.868226014;160.483951919;189.92152259;269.563792428;221.491338767;250.425825068;160.820895575;231.585840194,215.96306869,39.5889584612,37.5573836793,160.483951919,269.563792428,0,0,
ppo_lunarlander_swiglu,ppo,SwiGLUPPO,,best_eval_score,best_over_recorded_epochs,e187cbbdc2143a55b73cfab21ed92cfe0a73e4e6e3168af5098cffc3765bd2df,reportable,10,10,42;43;44;45;46;47;48;49;50;51,-133.147728642;-140.68650836;-133.988503293;-139.918145429;-142.530916009;-129.012318681;-128.232988882;-129.819560446;-124.577490707;-145.080651572,-134.699481202,6.95637281056,6.59939470039,-145.080651572,-124.577490707,0,0,
ppo_lunarlander_swiglu,ppo,SwiGLUPPO,,final_eval_score,final_recorded_epoch,e187cbbdc2143a55b73cfab21ed92cfe0a73e4e6e3168af5098cffc3765bd2df,reportable,10,10,42;43;44;45;46;47;48;49;50;51,-133.147728642;-140.68650836;-133.988503293;-139.918145429;-142.530916009;-129.012318681;-128.232988882;-129.819560446;-124.577490707;-145.080651572,-134.699481202,6.95637281056,6.59939470039,-145.080651572,-124.577490707,0,0,
ppo_mountaincar_2arg,ppo,InnerNetPPO,,best_eval_score,best_over_recorded_epochs,b35c528cfd6f46bd5731a5018fde3047b8d531b163b1004361f88d707055dbec,reportable,10,10,42;43;44;45;46;47;48;49;50;51,-200;-200;-200;-200;-200;-200;-200;-200;-200;-200,-200,0,0,-200,-200,0,0,
ppo_mountaincar_2arg,ppo,InnerNetPPO,,final_eval_score,final_recorded_epoch,b35c528cfd6f46bd5731a5018fde3047b8d531b163b1004361f88d707055dbec,reportable,10,10,42;43;44;45;46;47;48;49;50;51,-200;-200;-200;-200;-200;-200;-200;-200;-200;-200,-200,0,0,-200,-200,0,0,
ppo_mountaincar_relu,ppo,BaselinePPO,,best_eval_score,best_over_recorded_epochs,1f1e4e3bcede1b2c9fba31b99493a598ada113184a2ce1e1243f0f68ddbb8fa1,reportable,10,10,42;43;44;45;46;47;48;49;50;51,-200;-200;-200;-200;-200;-200;-200;-200;-200;-200,-200,0,0,-200,-200,0,0,
ppo_mountaincar_relu,ppo,BaselinePPO,,final_eval_score,final_recorded_epoch,1f1e4e3bcede1b2c9fba31b99493a598ada113184a2ce1e1243f0f68ddbb8fa1,reportable,10,10,42;43;44;45;46;47;48;49;50;51,-200;-200;-200;-200;-200;-200;-200;-200;-200;-200,-200,0,0,-200,-200,0,0,
ppo_mountaincar_swiglu,ppo,SwiGLUPPO,,best_eval_score,best_over_recorded_epochs,26bea829b0079ccae43aed7efbe71ab91ed67064a55ba17a926ecb99f25e1ff6,reportable,10,10,42;43;44;45;46;47;48;49;50;51,-200;-200;-200;-200;-200;-200;-200;-200;-200;-200,-200,0,0,-200,-200,0,0,
ppo_mountaincar_swiglu,ppo,SwiGLUPPO,,final_eval_score,final_recorded_epoch,26bea829b0079ccae43aed7efbe71ab91ed67064a55ba17a926ecb99f25e1ff6,reportable,10,10,42;43;44;45;46;47;48;49;50;51,-200;-200;-200;-200;-200;-200;-200;-200;-200;-200,-200,0,0,-200,-200,0,0,
resnet_cifar100_2arg,classification,InnerNetResNet,cifar100,test_accuracy,reported_scalar,656a121c297c1211b78d84990e4321835a3c2529ee1abc381b67e9ee4e1016d4,reportable,5,5,1234;42;43;44;45,0.5812;0.5665;0.5156;0.5801;0.5957,0.56782,0.0309668693929,0.0276976100052,0.5156,0.5957,0,0,
resnet_cifar100_relu,classification,BaselineResNet,cifar100,test_accuracy,reported_scalar,bcd55e23dd6ae9e99fc50ff7d8274fc4930739b47e6c7e37a6481c6b6b169fed,reportable,5,5,1234;42;43;44;45,0.5832;0.5833;0.5711;0.5759;0.5841,0.57952,0.00576211766628,0.00515379471846,0.5711,0.5841,0,0,
resnet_cifar_2arg,classification,InnerNetResNet,cifar10,test_accuracy,reported_scalar,81e8ffb99b91d0f422fc4f901937e62cb07636e55f1abdef5fcb7dd6eaed5b68,reportable,5,5,1234;42;43;44;45,0.8654;0.8601;0.8459;0.863;0.8701,0.8609,0.00915068303462,0.00818461972238,0.8459,0.8701,0,0,
resnet_cifar_relu,classification,BaselineResNet,cifar10,test_accuracy,reported_scalar,0a47dc32e3aef48a41306bdaa325250c1c6d528e29e6e869df7579627914f1cb,reportable,5,5,1234;42;43;44;45,0.86;0.861;0.8645;0.8694;0.8614,0.86326,0.00382204133939,0.00341853769908,0.86,0.8694,0,0,
rnn_ptb_tanh,classification,BaselineRNN,ptb,test_loss,reported_scalar,e3b6ae63508b0169f4c407be4ab6b2b611cac1a7e5f81ae6f0f911f52045c732,reportable,1,1,1234,4.94257109448,4.94257109448,,0,4.94257109448,4.94257109448,0,0,
transformer_wikitext_2arg,language_model,InnerNetTransformer,wikitext,best_val_ppl,best_over_recorded_epochs,51fef2822f4ba58e31adccbfc7fbb431d03e90005758b8377211b5efbd2f79a3,reportable,5,5,42;43;44;45;46,93.8331208804;95.5599471625;94.5240652053;96.7152829894;95.6716956299,95.2608223735,1.11297920396,0.995478863037,93.8331208804,96.7152829894,0,0,
transformer_wikitext_2arg,language_model,InnerNetTransformer,wikitext,final_val_ppl,final_recorded_epoch,51fef2822f4ba58e31adccbfc7fbb431d03e90005758b8377211b5efbd2f79a3,reportable,5,5,42;43;44;45;46,93.8331208804;95.5599471625;94.5240652053;96.7152829894;95.6716956299,95.2608223735,1.11297920396,0.995478863037,93.8331208804,96.7152829894,0,0,
transformer_wikitext_2arg_large,language_model,InnerNetTransformer,wikitext,best_val_ppl,best_over_recorded_epochs,1e6a20287574997fb334bc55836f11bcb6480c7041a5b8b0937dfe8a02c9b96b,reportable,5,5,42;43;44;45;46,83.2341610787;87.1520164292;85.2625165777;83.2408354358;84.2044991083,84.618805726,1.64462860707,1.47100054526,83.2341610787,87.1520164292,0,0,
transformer_wikitext_2arg_large,language_model,InnerNetTransformer,wikitext,final_val_ppl,final_recorded_epoch,1e6a20287574997fb334bc55836f11bcb6480c7041a5b8b0937dfe8a02c9b96b,reportable,5,5,42;43;44;45;46,83.2341610787;87.1520164292;85.2625165777;83.2408354358;84.2044991083,84.618805726,1.64462860707,1.47100054526,83.2341610787,87.1520164292,0,0,
transformer_wikitext_2arg_small,language_model,InnerNetTransformer,wikitext,best_val_ppl,best_over_recorded_epochs,67f29149cc533eef3dc32aafe8e64cefdaf0906dd2d0f5bb65459f6fc922bc9f,reportable,5,5,42;43;44;45;46,111.510489297;113.233809847;112.766089836;112.321357189;114.320794132,112.83050806,1.04754937358,0.936956643648,111.510489297,114.320794132,0,0,
transformer_wikitext_2arg_small,language_model,InnerNetTransformer,wikitext,final_val_ppl,final_recorded_epoch,67f29149cc533eef3dc32aafe8e64cefdaf0906dd2d0f5bb65459f6fc922bc9f,reportable,5,5,42;43;44;45;46,111.510489297;113.233809847;112.766089836;112.321357189;114.320794132,112.83050806,1.04754937358,0.936956643648,111.510489297,114.320794132,0,0,
transformer_wikitext_baseline,language_model,StandardTransformer,wikitext,best_val_ppl,best_over_recorded_epochs,a0aae9421d21ea4d380f116e65c8e8ea48f0e4b918ea4ef1b48b13e1b8f2d48c,reportable,5,5,42;43;44;45;46,95.6541341438;95.1574434102;97.3563944102;97.8701408311;98.0553863122,96.8186998215,1.3266521045,1.18659371526,95.1574434102,98.0553863122,0,0,
transformer_wikitext_baseline,language_model,StandardTransformer,wikitext,final_val_ppl,final_recorded_epoch,a0aae9421d21ea4d380f116e65c8e8ea48f0e4b918ea4ef1b48b13e1b8f2d48c,reportable,5,5,42;43;44;45;46,95.6541341438;95.1574434102;97.3563944102;97.8701408311;98.0553863122,96.8186998215,1.3266521045,1.18659371526,95.1574434102,98.0553863122,0,0,
transformer_wikitext_baseline_large,language_model,StandardTransformer,wikitext,best_val_ppl,best_over_recorded_epochs,87a243556efef3173392ce6a275dba5131f06a75742dad5416de3e3fb887cdb9,reportable,5,5,42;43;44;45;46,84.8179379538;86.3901876707;84.9865829001;86.8321305241;87.2050074246,86.0463692946,1.08515723086,0.970594133791,84.8179379538,87.2050074246,0,0,
transformer_wikitext_baseline_large,language_model,StandardTransformer,wikitext,final_val_ppl,final_recorded_epoch,87a243556efef3173392ce6a275dba5131f06a75742dad5416de3e3fb887cdb9,reportable,5,5,42;43;44;45;46,84.8179379538;86.3901876707;84.9865829001;86.8321305241;87.2050074246,86.0463692946,1.08515723086,0.970594133791,84.8179379538,87.2050074246,0,0,
transformer_wikitext_baseline_small,language_model,StandardTransformer,wikitext,best_val_ppl,best_over_recorded_epochs,bff835ad28f2e813b996b03a7bcc2e4102df34b5cd4c5b454cfd765605785392,reportable,5,5,42;43;44;45;46,115.1698172;116.358896922;117.315230689;116.772538235;117.555363911,116.634369391,0.942296641708,0.842815738332,115.1698172,117.555363911,0,0,
transformer_wikitext_baseline_small,language_model,StandardTransformer,wikitext,final_val_ppl,final_recorded_epoch,bff835ad28f2e813b996b03a7bcc2e4102df34b5cd4c5b454cfd765605785392,reportable,5,5,42;43;44;45;46,115.1698172;116.358896922;117.315230689;116.772538235;117.555363911,116.634369391,0.942296641708,0.842815738332,115.1698172,117.555363911,0,0,
transformer_wikitext_scale_2arg_d192,language_model,InnerNetTransformer,wikitext,best_val_ppl,best_over_recorded_epochs,46d044756d7205d2080eca2f61e5932aea4ceb13cf1e7d046b4395aa77bbda0d,reportable,5,5,42;43;44;45;46,87.6759932554;87.6820627108;88.9481643214;90.0430668102;87.7726547171,88.424388363,1.05242108094,0.94131403117,87.6759932554,90.0430668102,0,0,
transformer_wikitext_scale_2arg_d192,language_model,InnerNetTransformer,wikitext,final_val_ppl,final_recorded_epoch,46d044756d7205d2080eca2f61e5932aea4ceb13cf1e7d046b4395aa77bbda0d,reportable,5,5,42;43;44;45;46,87.6759932554;87.6820627108;88.9481643214;90.0430668102;87.7726547171,88.424388363,1.05242108094,0.94131403117,87.6759932554,90.0430668102,0,0,
transformer_wikitext_scale_gelu_d192,language_model,StandardTransformer,wikitext,best_val_ppl,best_over_recorded_epochs,5992b3acdaa10efe7d8715f45656184159515682f54f4f8dbdfb52e24743966d,reportable,5,5,42;43;44;45;46,89.2825843476;89.3934579374;90.5892802157;88.327787261;87.9502435268,89.1086706577,1.03141731689,0.922527693494,87.9502435268,90.5892802157,0,0,
transformer_wikitext_scale_gelu_d192,language_model,StandardTransformer,wikitext,final_val_ppl,final_recorded_epoch,5992b3acdaa10efe7d8715f45656184159515682f54f4f8dbdfb52e24743966d,reportable,5,5,42;43;44;45;46,89.2825843476;89.3934579374;90.5892802157;88.327787261;87.9502435268,89.1086706577,1.03141731689,0.922527693494,87.9502435268,90.5892802157,0,0,
transformer_wikitext_swiglu,language_model,SwiGLUTransformer,wikitext,best_val_ppl,best_over_recorded_epochs,3935d2229544591ceb6a328d30b394dec758d9cff82da0281ae9064f8934b1cc,reportable,5,5,42;43;44;45;46,92.3048404616;91.5117938466;93.046160489;94.9353668595;93.1046520901,92.9805627494,1.27031915643,1.13620799476,91.5117938466,94.9353668595,0,0,
transformer_wikitext_swiglu,language_model,SwiGLUTransformer,wikitext,final_val_ppl,final_recorded_epoch,3935d2229544591ceb6a328d30b394dec758d9cff82da0281ae9064f8934b1cc,reportable,5,5,42;43;44;45;46,92.3048404616;91.5117938466;93.046160489;94.9353668595;93.1046520901,92.9805627494,1.27031915643,1.13620799476,91.5117938466,94.9353668595,0,0,
transformer_wikitext_swiglu_d192,language_model,SwiGLUTransformer,wikitext,best_val_ppl,best_over_recorded_epochs,03bb1c2557d19d5ff9ff88bb40a55e5c002d86db0a98994d2f71de10a375e100,reportable,5,5,42;43;44;45;46,86.1300364176;84.9902249784;85.1195460289;85.5944042798;85.3138618555,85.429614712,0.452866099771,0.405055753517,84.9902249784,86.1300364176,0,0,
transformer_wikitext_swiglu_d192,language_model,SwiGLUTransformer,wikitext,final_val_ppl,final_recorded_epoch,03bb1c2557d19d5ff9ff88bb40a55e5c002d86db0a98994d2f71de10a375e100,reportable,5,5,42;43;44;45;46,86.1300364176;84.9902249784;85.1195460289;85.5944042798;85.3138618555,85.429614712,0.452866099771,0.405055753517,84.9902249784,86.1300364176,0,0,
transformer_wikitext_swiglu_large,language_model,SwiGLUTransformer,wikitext,best_val_ppl,best_over_recorded_epochs,8e17e7e0221382540c5ccf78d734d39b6a009f9416ceaa1e89ee059a6abfd5de,reportable,5,5,42;43;44;45;46,81.3924772601;83.0095033264;81.9501436828;81.3619932718;80.1063961526,81.5641027387,1.05278470048,0.941639262374,80.1063961526,83.0095033264,0,0,
transformer_wikitext_swiglu_large,language_model,SwiGLUTransformer,wikitext,final_val_ppl,final_recorded_epoch,8e17e7e0221382540c5ccf78d734d39b6a009f9416ceaa1e89ee059a6abfd5de,reportable,5,5,42;43;44;45;46,81.3924772601;83.0095033264;81.9501436828;81.3619932718;80.1063961526,81.5641027387,1.05278470048,0.941639262374,80.1063961526,83.0095033264,0,0,
transformer_wikitext_swiglu_small,language_model,SwiGLUTransformer,wikitext,best_val_ppl,best_over_recorded_epochs,38bad9d484fc5c8b5ad50286755d2f4c47f2cbaefebb32e9d9bc483fcf273102,reportable,5,5,42;43;44;45;46,111.710100502;111.803810987;112.929014095;112.741148389;112.355950601,112.308004915,0.544808604896,0.487291630109,111.710100502,112.929014095,0,0,
transformer_wikitext_swiglu_small,language_model,SwiGLUTransformer,wikitext,final_val_ppl,final_recorded_epoch,38bad9d484fc5c8b5ad50286755d2f4c47f2cbaefebb32e9d9bc483fcf273102,reportable,5,5,42;43;44;45;46,111.710100502;111.803810987;112.929014095;112.741148389;112.355950601,112.308004915,0.544808604896,0.487291630109,111.710100502,112.929014095,0,0,
vit_cifar_2arg,mixer,InnerNetViT,,best_val_accuracy,best_over_recorded_epochs,36c538eaac7c1a0469372132165ed9105b933f47c783ebb80b02f06200775b87,reportable,5,5,42;43;44;45;46,0.7896;0.7893;0.7652;0.7808;0.7899,0.78296,0.0106363997668,0.00951348516581,0.7652,0.7899,0,0,
vit_cifar_2arg,mixer,InnerNetViT,,final_val_accuracy,final_recorded_epoch,36c538eaac7c1a0469372132165ed9105b933f47c783ebb80b02f06200775b87,reportable,5,5,42;43;44;45;46,0.7872;0.788;0.7635;0.7807;0.7895,0.78178,0.0107585779729,0.0096227646755,0.7635,0.7895,0,0,
vit_cifar_2arg_tuned,mixer,InnerNetViT,,best_val_accuracy,best_over_recorded_epochs,7f2332993e5052c596954247cd5d53d8e0478a07b2e3c2f8fc4d6f2d56e1befb,reportable,5,5,42;43;44;45;46,0.8046;0.8074;0.809;0.8092;0.8033,0.8067,0.00264575131106,0.00236643191324,0.8033,0.8092,0,0,
vit_cifar_2arg_tuned,mixer,InnerNetViT,,final_val_accuracy,final_recorded_epoch,7f2332993e5052c596954247cd5d53d8e0478a07b2e3c2f8fc4d6f2d56e1befb,reportable,5,5,42;43;44;45;46,0.8002;0.8042;0.8074;0.8027;0.8005,0.803,0.00295719461652,0.0026449952741,0.8002,0.8074,0,0,
vit_cifar_gelu,mixer,StandardViT,,best_val_accuracy,best_over_recorded_epochs,d7faa5758f9d2306d6a84ed26e28b117ed2f1146323440778858bba2974cde68,reportable,5,5,42;43;44;45;46,0.8002;0.7953;0.7963;0.7921;0.7952,0.79582,0.00291152880803,0.00260415053328,0.7921,0.8002,0,0,
vit_cifar_gelu,mixer,StandardViT,,final_val_accuracy,final_recorded_epoch,d7faa5758f9d2306d6a84ed26e28b117ed2f1146323440778858bba2974cde68,reportable,5,5,42;43;44;45;46,0.798;0.7942;0.795;0.7909;0.7949,0.7946,0.00253278502838,0.00226539179834,0.7909,0.798,0,0,
vit_cifar_gelu_tuned,mixer,StandardViT,,best_val_accuracy,best_over_recorded_epochs,470ac3e95215ce7420e299db18c0bde4b34f23ea60fd113563dc64b6bb11f184,reportable,5,5,42;43;44;45;46,0.812;0.817;0.8137;0.8103;0.8123,0.81306,0.00251256840703,0.00224730950249,0.8103,0.817,0,0,
vit_cifar_gelu_tuned,mixer,StandardViT,,final_val_accuracy,final_recorded_epoch,470ac3e95215ce7420e299db18c0bde4b34f23ea60fd113563dc64b6bb11f184,reportable,5,5,42;43;44;45;46,0.8087;0.815;0.8101;0.8073;0.812,0.81062,0.00300283199663,0.00268581458779,0.8073,0.815,0,0,
vit_cifar_swiglu,mixer,SwiGLUViT,,best_val_accuracy,best_over_recorded_epochs,e8aa6bbf3c4761bf82de00b67f6556e74271e7f8536f596fad18e628221c91d0,reportable,5,5,42;43;44;45;46,0.8204;0.8172;0.8119;0.8157;0.816,0.81624,0.0030582674834,0.0027353975945,0.8119,0.8204,0,0,
vit_cifar_swiglu,mixer,SwiGLUViT,,final_val_accuracy,final_recorded_epoch,e8aa6bbf3c4761bf82de00b67f6556e74271e7f8536f596fad18e628221c91d0,reportable,5,5,42;43;44;45;46,0.82;0.8159;0.8108;0.8155;0.815,0.81544,0.00326848588799,0.00292342265162,0.8108,0.82,0,0,
